[{"model": "admin.logentry", "pk": 1, "fields": {"action_time": "2021-09-25T19:40:10.080Z", "user": 73, "content_type": 7, "object_id": "1", "object_repr": "8151", "action_flag": 3, "change_message": ""}}, {"model": "admin.logentry", "pk": 2, "fields": {"action_time": "2021-09-25T19:40:10.090Z", "user": 73, "content_type": 7, "object_id": "2", "object_repr": "8152", "action_flag": 3, "change_message": ""}}, {"model": "admin.logentry", "pk": 3, "fields": {"action_time": "2021-09-25T19:40:10.092Z", "user": 73, "content_type": 7, "object_id": "3", "object_repr": "8153", "action_flag": 3, "change_message": ""}}, {"model": "admin.logentry", "pk": 4, "fields": {"action_time": "2021-09-25T19:40:10.093Z", "user": 73, "content_type": 7, "object_id": "4", "object_repr": "8155", "action_flag": 3, "change_message": ""}}, {"model": "admin.logentry", "pk": 5, "fields": {"action_time": "2021-09-25T19:40:10.094Z", "user": 73, "content_type": 7, "object_id": "5", "object_repr": "8156", "action_flag": 3, "change_message": ""}}, {"model": "admin.logentry", "pk": 6, "fields": {"action_time": "2021-09-25T19:40:10.095Z", "user": 73, "content_type": 7, "object_id": "6", "object_repr": "8157", "action_flag": 3, "change_message": ""}}, {"model": "admin.logentry", "pk": 7, "fields": {"action_time": "2021-09-25T19:40:10.097Z", "user": 73, "content_type": 7, "object_id": "7", "object_repr": "8158", "action_flag": 3, "change_message": ""}}, {"model": "admin.logentry", "pk": 8, "fields": {"action_time": "2021-09-25T19:40:10.098Z", "user": 73, "content_type": 7, "object_id": "8", "object_repr": "8162", "action_flag": 3, "change_message": ""}}, {"model": "admin.logentry", "pk": 9, "fields": {"action_time": "2021-09-25T19:40:10.099Z", "user": 73, "content_type": 7, "object_id": "9", "object_repr": "8163", "action_flag": 3, "change_message": ""}}, {"model": "admin.logentry", "pk": 10, "fields": {"action_time": "2021-09-25T19:40:10.101Z", "user": 73, "content_type": 7, "object_id": "10", "object_repr": "8164", "action_flag": 3, "change_message": ""}}, {"model": "admin.logentry", "pk": 11, "fields": {"action_time": "2021-09-25T19:40:10.103Z", "user": 73, "content_type": 7, "object_id": "11", "object_repr": "8165", "action_flag": 3, "change_message": ""}}, {"model": "admin.logentry", "pk": 12, "fields": {"action_time": "2021-09-25T19:40:10.104Z", "user": 73, "content_type": 7, "object_id": "12", "object_repr": "8166", "action_flag": 3, "change_message": ""}}, {"model": "admin.logentry", "pk": 13, "fields": {"action_time": "2021-09-25T19:40:10.106Z", "user": 73, "content_type": 7, "object_id": "13", "object_repr": "8167", "action_flag": 3, "change_message": ""}}, {"model": "admin.logentry", "pk": 14, "fields": {"action_time": "2021-09-25T19:40:10.107Z", "user": 73, "content_type": 7, "object_id": "14", "object_repr": "8168", "action_flag": 3, "change_message": ""}}, {"model": "admin.logentry", "pk": 15, "fields": {"action_time": "2021-09-25T19:40:10.108Z", "user": 73, "content_type": 7, "object_id": "15", "object_repr": "8169", "action_flag": 3, "change_message": ""}}, {"model": "admin.logentry", "pk": 16, "fields": {"action_time": "2021-09-25T19:40:10.110Z", "user": 73, "content_type": 7, "object_id": "16", "object_repr": "8172", "action_flag": 3, "change_message": ""}}, {"model": "admin.logentry", "pk": 17, "fields": {"action_time": "2021-09-25T19:40:10.111Z", "user": 73, "content_type": 7, "object_id": "17", "object_repr": "8173", "action_flag": 3, "change_message": ""}}, {"model": "admin.logentry", "pk": 18, "fields": {"action_time": "2021-09-25T19:40:10.113Z", "user": 73, "content_type": 7, "object_id": "18", "object_repr": "8174", "action_flag": 3, "change_message": ""}}, {"model": "admin.logentry", "pk": 19, "fields": {"action_time": "2021-09-25T19:40:10.114Z", "user": 73, "content_type": 7, "object_id": "19", "object_repr": "8175", "action_flag": 3, "change_message": ""}}, {"model": "admin.logentry", "pk": 20, "fields": {"action_time": "2021-09-25T19:40:10.116Z", "user": 73, "content_type": 7, "object_id": "20", "object_repr": "8176", "action_flag": 3, "change_message": ""}}, {"model": "admin.logentry", "pk": 21, "fields": {"action_time": "2021-09-25T19:40:10.117Z", "user": 73, "content_type": 7, "object_id": "21", "object_repr": "8177", "action_flag": 3, "change_message": ""}}, {"model": "admin.logentry", "pk": 22, "fields": {"action_time": "2021-09-25T19:40:10.119Z", "user": 73, "content_type": 7, "object_id": "22", "object_repr": "8178", "action_flag": 3, "change_message": ""}}, {"model": "admin.logentry", "pk": 23, "fields": {"action_time": "2021-09-25T19:40:10.121Z", "user": 73, "content_type": 7, "object_id": "23", "object_repr": "8179", "action_flag": 3, "change_message": ""}}, {"model": "admin.logentry", "pk": 24, "fields": {"action_time": "2021-09-25T19:40:10.122Z", "user": 73, "content_type": 7, "object_id": "24", "object_repr": "8180", "action_flag": 3, "change_message": ""}}, {"model": "admin.logentry", "pk": 25, "fields": {"action_time": "2021-09-25T19:40:10.124Z", "user": 73, "content_type": 7, "object_id": "25", "object_repr": "8181", "action_flag": 3, "change_message": ""}}, {"model": "admin.logentry", "pk": 26, "fields": {"action_time": "2021-09-25T19:40:10.125Z", "user": 73, "content_type": 7, "object_id": "26", "object_repr": "8182", "action_flag": 3, "change_message": ""}}, {"model": "admin.logentry", "pk": 27, "fields": {"action_time": "2021-09-25T19:40:10.126Z", "user": 73, "content_type": 7, "object_id": "27", "object_repr": "8184", "action_flag": 3, "change_message": ""}}, {"model": "admin.logentry", "pk": 28, "fields": {"action_time": "2021-09-25T19:40:10.128Z", "user": 73, "content_type": 7, "object_id": "28", "object_repr": "8185", "action_flag": 3, "change_message": ""}}, {"model": "admin.logentry", "pk": 29, "fields": {"action_time": "2021-09-25T19:40:10.129Z", "user": 73, "content_type": 7, "object_id": "29", "object_repr": "8186", "action_flag": 3, "change_message": ""}}, {"model": "admin.logentry", "pk": 30, "fields": {"action_time": "2021-09-25T19:40:10.131Z", "user": 73, "content_type": 7, "object_id": "30", "object_repr": "8187", "action_flag": 3, "change_message": ""}}, {"model": "admin.logentry", "pk": 31, "fields": {"action_time": "2021-09-25T19:40:10.132Z", "user": 73, "content_type": 7, "object_id": "31", "object_repr": "8188", "action_flag": 3, "change_message": ""}}, {"model": "admin.logentry", "pk": 32, "fields": {"action_time": "2021-09-25T19:40:10.133Z", "user": 73, "content_type": 7, "object_id": "32", "object_repr": "8189", "action_flag": 3, "change_message": ""}}, {"model": "admin.logentry", "pk": 33, "fields": {"action_time": "2021-09-25T19:40:10.134Z", "user": 73, "content_type": 7, "object_id": "33", "object_repr": "8191", "action_flag": 3, "change_message": ""}}, {"model": "admin.logentry", "pk": 34, "fields": {"action_time": "2021-09-25T19:40:10.135Z", "user": 73, "content_type": 7, "object_id": "34", "object_repr": "8193", "action_flag": 3, "change_message": ""}}, {"model": "admin.logentry", "pk": 35, "fields": {"action_time": "2021-09-25T19:40:10.136Z", "user": 73, "content_type": 7, "object_id": "35", "object_repr": "8194", "action_flag": 3, "change_message": ""}}, {"model": "admin.logentry", "pk": 36, "fields": {"action_time": "2021-09-25T19:40:10.137Z", "user": 73, "content_type": 7, "object_id": "36", "object_repr": "8195", "action_flag": 3, "change_message": ""}}, {"model": "admin.logentry", "pk": 37, "fields": {"action_time": "2021-09-25T19:40:10.139Z", "user": 73, "content_type": 7, "object_id": "37", "object_repr": "8196", "action_flag": 3, "change_message": ""}}, {"model": "admin.logentry", "pk": 38, "fields": {"action_time": "2021-09-25T19:40:10.140Z", "user": 73, "content_type": 7, "object_id": "38", "object_repr": "8198", "action_flag": 3, "change_message": ""}}, {"model": "admin.logentry", "pk": 39, "fields": {"action_time": "2021-09-25T19:40:10.141Z", "user": 73, "content_type": 7, "object_id": "39", "object_repr": "8199", "action_flag": 3, "change_message": ""}}, {"model": "admin.logentry", "pk": 40, "fields": {"action_time": "2021-09-25T19:40:10.143Z", "user": 73, "content_type": 7, "object_id": "40", "object_repr": "8200", "action_flag": 3, "change_message": ""}}, {"model": "admin.logentry", "pk": 41, "fields": {"action_time": "2021-09-25T19:40:10.144Z", "user": 73, "content_type": 7, "object_id": "41", "object_repr": "8201", "action_flag": 3, "change_message": ""}}, {"model": "admin.logentry", "pk": 42, "fields": {"action_time": "2021-09-25T19:40:10.145Z", "user": 73, "content_type": 7, "object_id": "42", "object_repr": "8203", "action_flag": 3, "change_message": ""}}, {"model": "admin.logentry", "pk": 43, "fields": {"action_time": "2021-09-25T19:40:10.146Z", "user": 73, "content_type": 7, "object_id": "43", "object_repr": "8204", "action_flag": 3, "change_message": ""}}, {"model": "admin.logentry", "pk": 44, "fields": {"action_time": "2021-09-25T19:40:10.148Z", "user": 73, "content_type": 7, "object_id": "44", "object_repr": "8205", "action_flag": 3, "change_message": ""}}, {"model": "admin.logentry", "pk": 45, "fields": {"action_time": "2021-09-25T19:40:10.150Z", "user": 73, "content_type": 7, "object_id": "45", "object_repr": "8207", "action_flag": 3, "change_message": ""}}, {"model": "admin.logentry", "pk": 46, "fields": {"action_time": "2021-09-25T19:40:10.151Z", "user": 73, "content_type": 7, "object_id": "46", "object_repr": "8208", "action_flag": 3, "change_message": ""}}, {"model": "admin.logentry", "pk": 47, "fields": {"action_time": "2021-09-25T19:40:10.152Z", "user": 73, "content_type": 7, "object_id": "47", "object_repr": "8209", "action_flag": 3, "change_message": ""}}, {"model": "admin.logentry", "pk": 48, "fields": {"action_time": "2021-09-25T19:40:10.153Z", "user": 73, "content_type": 7, "object_id": "48", "object_repr": "8210", "action_flag": 3, "change_message": ""}}, {"model": "admin.logentry", "pk": 49, "fields": {"action_time": "2021-09-25T19:40:10.155Z", "user": 73, "content_type": 7, "object_id": "49", "object_repr": "8211", "action_flag": 3, "change_message": ""}}, {"model": "admin.logentry", "pk": 50, "fields": {"action_time": "2021-09-25T19:40:10.156Z", "user": 73, "content_type": 7, "object_id": "50", "object_repr": "8212", "action_flag": 3, "change_message": ""}}, {"model": "admin.logentry", "pk": 51, "fields": {"action_time": "2021-09-25T19:40:10.158Z", "user": 73, "content_type": 7, "object_id": "51", "object_repr": "8213", "action_flag": 3, "change_message": ""}}, {"model": "admin.logentry", "pk": 52, "fields": {"action_time": "2021-09-25T19:40:10.159Z", "user": 73, "content_type": 7, "object_id": "52", "object_repr": "8215", "action_flag": 3, "change_message": ""}}, {"model": "admin.logentry", "pk": 53, "fields": {"action_time": "2021-09-25T19:40:10.161Z", "user": 73, "content_type": 7, "object_id": "53", "object_repr": "8216", "action_flag": 3, "change_message": ""}}, {"model": "admin.logentry", "pk": 54, "fields": {"action_time": "2021-09-25T19:40:10.163Z", "user": 73, "content_type": 7, "object_id": "54", "object_repr": "8217", "action_flag": 3, "change_message": ""}}, {"model": "admin.logentry", "pk": 55, "fields": {"action_time": "2021-09-25T19:40:10.165Z", "user": 73, "content_type": 7, "object_id": "55", "object_repr": "8218", "action_flag": 3, "change_message": ""}}, {"model": "admin.logentry", "pk": 56, "fields": {"action_time": "2021-09-25T19:40:10.167Z", "user": 73, "content_type": 7, "object_id": "56", "object_repr": "8219", "action_flag": 3, "change_message": ""}}, {"model": "admin.logentry", "pk": 57, "fields": {"action_time": "2021-09-25T19:40:10.169Z", "user": 73, "content_type": 7, "object_id": "57", "object_repr": "8220", "action_flag": 3, "change_message": ""}}, {"model": "admin.logentry", "pk": 58, "fields": {"action_time": "2021-09-25T19:40:10.170Z", "user": 73, "content_type": 7, "object_id": "58", "object_repr": "8221", "action_flag": 3, "change_message": ""}}, {"model": "admin.logentry", "pk": 59, "fields": {"action_time": "2021-09-25T19:40:10.172Z", "user": 73, "content_type": 7, "object_id": "59", "object_repr": "8222", "action_flag": 3, "change_message": ""}}, {"model": "admin.logentry", "pk": 60, "fields": {"action_time": "2021-09-25T19:40:10.174Z", "user": 73, "content_type": 7, "object_id": "60", "object_repr": "8223", "action_flag": 3, "change_message": ""}}, {"model": "admin.logentry", "pk": 61, "fields": {"action_time": "2021-09-25T19:40:10.176Z", "user": 73, "content_type": 7, "object_id": "61", "object_repr": "8224", "action_flag": 3, "change_message": ""}}, {"model": "admin.logentry", "pk": 62, "fields": {"action_time": "2021-09-25T19:40:10.177Z", "user": 73, "content_type": 7, "object_id": "62", "object_repr": "8225", "action_flag": 3, "change_message": ""}}, {"model": "admin.logentry", "pk": 63, "fields": {"action_time": "2021-09-25T19:49:01.679Z", "user": 73, "content_type": 7, "object_id": "63", "object_repr": "8151", "action_flag": 3, "change_message": ""}}, {"model": "admin.logentry", "pk": 64, "fields": {"action_time": "2021-09-25T19:49:01.685Z", "user": 73, "content_type": 7, "object_id": "64", "object_repr": "8152", "action_flag": 3, "change_message": ""}}, {"model": "admin.logentry", "pk": 65, "fields": {"action_time": "2021-09-25T19:49:01.686Z", "user": 73, "content_type": 7, "object_id": "65", "object_repr": "8153", "action_flag": 3, "change_message": ""}}, {"model": "admin.logentry", "pk": 66, "fields": {"action_time": "2021-09-25T19:49:01.688Z", "user": 73, "content_type": 7, "object_id": "66", "object_repr": "8155", "action_flag": 3, "change_message": ""}}, {"model": "admin.logentry", "pk": 67, "fields": {"action_time": "2021-09-25T19:49:01.690Z", "user": 73, "content_type": 7, "object_id": "67", "object_repr": "8156", "action_flag": 3, "change_message": ""}}, {"model": "admin.logentry", "pk": 68, "fields": {"action_time": "2021-09-25T19:49:01.691Z", "user": 73, "content_type": 7, "object_id": "68", "object_repr": "8157", "action_flag": 3, "change_message": ""}}, {"model": "admin.logentry", "pk": 69, "fields": {"action_time": "2021-09-25T19:49:01.693Z", "user": 73, "content_type": 7, "object_id": "69", "object_repr": "8158", "action_flag": 3, "change_message": ""}}, {"model": "admin.logentry", "pk": 70, "fields": {"action_time": "2021-09-25T19:49:01.694Z", "user": 73, "content_type": 7, "object_id": "70", "object_repr": "8162", "action_flag": 3, "change_message": ""}}, {"model": "admin.logentry", "pk": 71, "fields": {"action_time": "2021-09-25T19:49:01.695Z", "user": 73, "content_type": 7, "object_id": "71", "object_repr": "8163", "action_flag": 3, "change_message": ""}}, {"model": "admin.logentry", "pk": 72, "fields": {"action_time": "2021-09-25T19:49:01.696Z", "user": 73, "content_type": 7, "object_id": "72", "object_repr": "8164", "action_flag": 3, "change_message": ""}}, {"model": "admin.logentry", "pk": 73, "fields": {"action_time": "2021-09-25T19:49:01.698Z", "user": 73, "content_type": 7, "object_id": "73", "object_repr": "8165", "action_flag": 3, "change_message": ""}}, {"model": "admin.logentry", "pk": 74, "fields": {"action_time": "2021-09-25T19:49:01.699Z", "user": 73, "content_type": 7, "object_id": "74", "object_repr": "8166", "action_flag": 3, "change_message": ""}}, {"model": "admin.logentry", "pk": 75, "fields": {"action_time": "2021-09-25T19:49:01.701Z", "user": 73, "content_type": 7, "object_id": "75", "object_repr": "8167", "action_flag": 3, "change_message": ""}}, {"model": "admin.logentry", "pk": 76, "fields": {"action_time": "2021-09-25T19:49:01.702Z", "user": 73, "content_type": 7, "object_id": "76", "object_repr": "8168", "action_flag": 3, "change_message": ""}}, {"model": "admin.logentry", "pk": 77, "fields": {"action_time": "2021-09-25T19:49:01.704Z", "user": 73, "content_type": 7, "object_id": "77", "object_repr": "8169", "action_flag": 3, "change_message": ""}}, {"model": "admin.logentry", "pk": 78, "fields": {"action_time": "2021-09-25T19:49:01.706Z", "user": 73, "content_type": 7, "object_id": "78", "object_repr": "8172", "action_flag": 3, "change_message": ""}}, {"model": "admin.logentry", "pk": 79, "fields": {"action_time": "2021-09-25T19:49:01.707Z", "user": 73, "content_type": 7, "object_id": "79", "object_repr": "8173", "action_flag": 3, "change_message": ""}}, {"model": "admin.logentry", "pk": 80, "fields": {"action_time": "2021-09-25T19:49:01.708Z", "user": 73, "content_type": 7, "object_id": "80", "object_repr": "8174", "action_flag": 3, "change_message": ""}}, {"model": "admin.logentry", "pk": 81, "fields": {"action_time": "2021-09-25T19:49:01.710Z", "user": 73, "content_type": 7, "object_id": "81", "object_repr": "8175", "action_flag": 3, "change_message": ""}}, {"model": "admin.logentry", "pk": 82, "fields": {"action_time": "2021-09-25T19:49:01.711Z", "user": 73, "content_type": 7, "object_id": "82", "object_repr": "8176", "action_flag": 3, "change_message": ""}}, {"model": "admin.logentry", "pk": 83, "fields": {"action_time": "2021-09-25T19:49:01.713Z", "user": 73, "content_type": 7, "object_id": "83", "object_repr": "8177", "action_flag": 3, "change_message": ""}}, {"model": "admin.logentry", "pk": 84, "fields": {"action_time": "2021-09-25T19:49:01.714Z", "user": 73, "content_type": 7, "object_id": "84", "object_repr": "8178", "action_flag": 3, "change_message": ""}}, {"model": "admin.logentry", "pk": 85, "fields": {"action_time": "2021-09-25T19:49:01.715Z", "user": 73, "content_type": 7, "object_id": "85", "object_repr": "8179", "action_flag": 3, "change_message": ""}}, {"model": "admin.logentry", "pk": 86, "fields": {"action_time": "2021-09-25T19:49:01.716Z", "user": 73, "content_type": 7, "object_id": "86", "object_repr": "8180", "action_flag": 3, "change_message": ""}}, {"model": "admin.logentry", "pk": 87, "fields": {"action_time": "2021-09-25T19:49:01.718Z", "user": 73, "content_type": 7, "object_id": "87", "object_repr": "8181", "action_flag": 3, "change_message": ""}}, {"model": "admin.logentry", "pk": 88, "fields": {"action_time": "2021-09-25T19:49:01.720Z", "user": 73, "content_type": 7, "object_id": "88", "object_repr": "8182", "action_flag": 3, "change_message": ""}}, {"model": "admin.logentry", "pk": 89, "fields": {"action_time": "2021-09-25T19:49:01.721Z", "user": 73, "content_type": 7, "object_id": "89", "object_repr": "8184", "action_flag": 3, "change_message": ""}}, {"model": "admin.logentry", "pk": 90, "fields": {"action_time": "2021-09-25T19:49:01.723Z", "user": 73, "content_type": 7, "object_id": "90", "object_repr": "8185", "action_flag": 3, "change_message": ""}}, {"model": "admin.logentry", "pk": 91, "fields": {"action_time": "2021-09-25T19:49:01.724Z", "user": 73, "content_type": 7, "object_id": "91", "object_repr": "8186", "action_flag": 3, "change_message": ""}}, {"model": "admin.logentry", "pk": 92, "fields": {"action_time": "2021-09-25T19:49:01.725Z", "user": 73, "content_type": 7, "object_id": "92", "object_repr": "8187", "action_flag": 3, "change_message": ""}}, {"model": "admin.logentry", "pk": 93, "fields": {"action_time": "2021-09-25T19:49:01.726Z", "user": 73, "content_type": 7, "object_id": "93", "object_repr": "8188", "action_flag": 3, "change_message": ""}}, {"model": "admin.logentry", "pk": 94, "fields": {"action_time": "2021-09-25T19:49:01.728Z", "user": 73, "content_type": 7, "object_id": "94", "object_repr": "8189", "action_flag": 3, "change_message": ""}}, {"model": "admin.logentry", "pk": 95, "fields": {"action_time": "2021-09-25T19:49:01.729Z", "user": 73, "content_type": 7, "object_id": "95", "object_repr": "8191", "action_flag": 3, "change_message": ""}}, {"model": "admin.logentry", "pk": 96, "fields": {"action_time": "2021-09-25T19:49:01.731Z", "user": 73, "content_type": 7, "object_id": "96", "object_repr": "8193", "action_flag": 3, "change_message": ""}}, {"model": "admin.logentry", "pk": 97, "fields": {"action_time": "2021-09-25T19:49:01.733Z", "user": 73, "content_type": 7, "object_id": "97", "object_repr": "8194", "action_flag": 3, "change_message": ""}}, {"model": "admin.logentry", "pk": 98, "fields": {"action_time": "2021-09-25T19:49:01.734Z", "user": 73, "content_type": 7, "object_id": "98", "object_repr": "8195", "action_flag": 3, "change_message": ""}}, {"model": "admin.logentry", "pk": 99, "fields": {"action_time": "2021-09-25T19:49:01.738Z", "user": 73, "content_type": 7, "object_id": "99", "object_repr": "8196", "action_flag": 3, "change_message": ""}}, {"model": "admin.logentry", "pk": 100, "fields": {"action_time": "2021-09-25T19:49:01.739Z", "user": 73, "content_type": 7, "object_id": "100", "object_repr": "8198", "action_flag": 3, "change_message": ""}}, {"model": "admin.logentry", "pk": 101, "fields": {"action_time": "2021-09-25T19:49:01.740Z", "user": 73, "content_type": 7, "object_id": "101", "object_repr": "8199", "action_flag": 3, "change_message": ""}}, {"model": "admin.logentry", "pk": 102, "fields": {"action_time": "2021-09-25T19:49:01.742Z", "user": 73, "content_type": 7, "object_id": "102", "object_repr": "8200", "action_flag": 3, "change_message": ""}}, {"model": "admin.logentry", "pk": 103, "fields": {"action_time": "2021-09-25T19:49:01.743Z", "user": 73, "content_type": 7, "object_id": "103", "object_repr": "8201", "action_flag": 3, "change_message": ""}}, {"model": "admin.logentry", "pk": 104, "fields": {"action_time": "2021-09-25T19:49:01.744Z", "user": 73, "content_type": 7, "object_id": "104", "object_repr": "8203", "action_flag": 3, "change_message": ""}}, {"model": "admin.logentry", "pk": 105, "fields": {"action_time": "2021-09-25T19:49:01.746Z", "user": 73, "content_type": 7, "object_id": "105", "object_repr": "8204", "action_flag": 3, "change_message": ""}}, {"model": "admin.logentry", "pk": 106, "fields": {"action_time": "2021-09-25T19:49:01.748Z", "user": 73, "content_type": 7, "object_id": "106", "object_repr": "8205", "action_flag": 3, "change_message": ""}}, {"model": "admin.logentry", "pk": 107, "fields": {"action_time": "2021-09-25T19:49:01.749Z", "user": 73, "content_type": 7, "object_id": "107", "object_repr": "8207", "action_flag": 3, "change_message": ""}}, {"model": "admin.logentry", "pk": 108, "fields": {"action_time": "2021-09-25T19:49:01.750Z", "user": 73, "content_type": 7, "object_id": "108", "object_repr": "8208", "action_flag": 3, "change_message": ""}}, {"model": "admin.logentry", "pk": 109, "fields": {"action_time": "2021-09-25T19:49:01.753Z", "user": 73, "content_type": 7, "object_id": "109", "object_repr": "8209", "action_flag": 3, "change_message": ""}}, {"model": "admin.logentry", "pk": 110, "fields": {"action_time": "2021-09-25T19:49:01.754Z", "user": 73, "content_type": 7, "object_id": "110", "object_repr": "8210", "action_flag": 3, "change_message": ""}}, {"model": "admin.logentry", "pk": 111, "fields": {"action_time": "2021-09-25T19:49:01.756Z", "user": 73, "content_type": 7, "object_id": "111", "object_repr": "8211", "action_flag": 3, "change_message": ""}}, {"model": "admin.logentry", "pk": 112, "fields": {"action_time": "2021-09-25T19:49:01.757Z", "user": 73, "content_type": 7, "object_id": "112", "object_repr": "8212", "action_flag": 3, "change_message": ""}}, {"model": "admin.logentry", "pk": 113, "fields": {"action_time": "2021-09-25T19:49:01.758Z", "user": 73, "content_type": 7, "object_id": "113", "object_repr": "8213", "action_flag": 3, "change_message": ""}}, {"model": "admin.logentry", "pk": 114, "fields": {"action_time": "2021-09-25T19:49:01.760Z", "user": 73, "content_type": 7, "object_id": "114", "object_repr": "8215", "action_flag": 3, "change_message": ""}}, {"model": "admin.logentry", "pk": 115, "fields": {"action_time": "2021-09-25T19:49:01.761Z", "user": 73, "content_type": 7, "object_id": "115", "object_repr": "8216", "action_flag": 3, "change_message": ""}}, {"model": "admin.logentry", "pk": 116, "fields": {"action_time": "2021-09-25T19:49:01.762Z", "user": 73, "content_type": 7, "object_id": "116", "object_repr": "8217", "action_flag": 3, "change_message": ""}}, {"model": "admin.logentry", "pk": 117, "fields": {"action_time": "2021-09-25T19:49:01.763Z", "user": 73, "content_type": 7, "object_id": "117", "object_repr": "8218", "action_flag": 3, "change_message": ""}}, {"model": "admin.logentry", "pk": 118, "fields": {"action_time": "2021-09-25T19:49:01.765Z", "user": 73, "content_type": 7, "object_id": "118", "object_repr": "8219", "action_flag": 3, "change_message": ""}}, {"model": "admin.logentry", "pk": 119, "fields": {"action_time": "2021-09-25T19:49:01.769Z", "user": 73, "content_type": 7, "object_id": "119", "object_repr": "8220", "action_flag": 3, "change_message": ""}}, {"model": "admin.logentry", "pk": 120, "fields": {"action_time": "2021-09-25T19:49:01.771Z", "user": 73, "content_type": 7, "object_id": "120", "object_repr": "8221", "action_flag": 3, "change_message": ""}}, {"model": "admin.logentry", "pk": 121, "fields": {"action_time": "2021-09-25T19:49:01.772Z", "user": 73, "content_type": 7, "object_id": "121", "object_repr": "8222", "action_flag": 3, "change_message": ""}}, {"model": "admin.logentry", "pk": 122, "fields": {"action_time": "2021-09-25T19:49:01.774Z", "user": 73, "content_type": 7, "object_id": "122", "object_repr": "8223", "action_flag": 3, "change_message": ""}}, {"model": "admin.logentry", "pk": 123, "fields": {"action_time": "2021-09-25T19:49:01.776Z", "user": 73, "content_type": 7, "object_id": "123", "object_repr": "8224", "action_flag": 3, "change_message": ""}}, {"model": "admin.logentry", "pk": 124, "fields": {"action_time": "2021-09-25T19:49:01.778Z", "user": 73, "content_type": 7, "object_id": "124", "object_repr": "8225", "action_flag": 3, "change_message": ""}}, {"model": "admin.logentry", "pk": 125, "fields": {"action_time": "2021-09-25T19:54:45.790Z", "user": 73, "content_type": 7, "object_id": "125", "object_repr": "8151", "action_flag": 2, "change_message": "[{\"changed\": {\"fields\": [\"Subject\"]}}]"}}, {"model": "admin.logentry", "pk": 126, "fields": {"action_time": "2021-09-25T19:55:24.074Z", "user": 73, "content_type": 7, "object_id": "126", "object_repr": "8152", "action_flag": 2, "change_message": "[{\"changed\": {\"fields\": [\"Subject\"]}}]"}}, {"model": "admin.logentry", "pk": 127, "fields": {"action_time": "2021-09-25T19:55:52.864Z", "user": 73, "content_type": 7, "object_id": "127", "object_repr": "8153", "action_flag": 2, "change_message": "[{\"changed\": {\"fields\": [\"Subject\"]}}]"}}, {"model": "admin.logentry", "pk": 128, "fields": {"action_time": "2021-09-25T19:56:45.032Z", "user": 73, "content_type": 7, "object_id": "128", "object_repr": "8155", "action_flag": 2, "change_message": "[{\"changed\": {\"fields\": [\"Subject\"]}}]"}}, {"model": "admin.logentry", "pk": 129, "fields": {"action_time": "2021-09-25T19:57:18.910Z", "user": 73, "content_type": 7, "object_id": "129", "object_repr": "8156", "action_flag": 2, "change_message": "[{\"changed\": {\"fields\": [\"Subject\"]}}]"}}, {"model": "admin.logentry", "pk": 130, "fields": {"action_time": "2021-09-25T19:57:53.876Z", "user": 73, "content_type": 7, "object_id": "130", "object_repr": "8157", "action_flag": 2, "change_message": "[{\"changed\": {\"fields\": [\"Subject\"]}}]"}}, {"model": "admin.logentry", "pk": 131, "fields": {"action_time": "2021-09-25T19:58:30.388Z", "user": 73, "content_type": 7, "object_id": "131", "object_repr": "8158", "action_flag": 2, "change_message": "[{\"changed\": {\"fields\": [\"Subject\"]}}]"}}, {"model": "admin.logentry", "pk": 132, "fields": {"action_time": "2021-09-25T19:59:14.001Z", "user": 73, "content_type": 7, "object_id": "132", "object_repr": "8162", "action_flag": 2, "change_message": "[{\"changed\": {\"fields\": [\"Subject\"]}}]"}}, {"model": "admin.logentry", "pk": 133, "fields": {"action_time": "2021-09-25T20:00:05.199Z", "user": 73, "content_type": 7, "object_id": "133", "object_repr": "8163", "action_flag": 2, "change_message": "[{\"changed\": {\"fields\": [\"Subject\"]}}]"}}, {"model": "admin.logentry", "pk": 134, "fields": {"action_time": "2021-09-25T20:00:37.842Z", "user": 73, "content_type": 7, "object_id": "134", "object_repr": "8164", "action_flag": 2, "change_message": "[{\"changed\": {\"fields\": [\"Subject\"]}}]"}}, {"model": "admin.logentry", "pk": 135, "fields": {"action_time": "2021-09-25T20:01:04.368Z", "user": 73, "content_type": 7, "object_id": "135", "object_repr": "8165", "action_flag": 2, "change_message": "[{\"changed\": {\"fields\": [\"Subject\"]}}]"}}, {"model": "admin.logentry", "pk": 136, "fields": {"action_time": "2021-09-25T20:01:37.480Z", "user": 73, "content_type": 7, "object_id": "136", "object_repr": "8166", "action_flag": 2, "change_message": "[{\"changed\": {\"fields\": [\"Subject\"]}}]"}}, {"model": "admin.logentry", "pk": 137, "fields": {"action_time": "2021-09-25T20:02:10.425Z", "user": 73, "content_type": 7, "object_id": "137", "object_repr": "8167", "action_flag": 2, "change_message": "[{\"changed\": {\"fields\": [\"Subject\"]}}]"}}, {"model": "admin.logentry", "pk": 138, "fields": {"action_time": "2021-09-25T20:02:48.952Z", "user": 73, "content_type": 7, "object_id": "138", "object_repr": "8168", "action_flag": 2, "change_message": "[{\"changed\": {\"fields\": [\"Subject\"]}}]"}}, {"model": "admin.logentry", "pk": 139, "fields": {"action_time": "2021-09-25T20:03:16.903Z", "user": 73, "content_type": 7, "object_id": "139", "object_repr": "8169", "action_flag": 2, "change_message": "[{\"changed\": {\"fields\": [\"Subject\"]}}]"}}, {"model": "admin.logentry", "pk": 140, "fields": {"action_time": "2021-09-25T20:03:46.097Z", "user": 73, "content_type": 7, "object_id": "140", "object_repr": "8172", "action_flag": 2, "change_message": "[{\"changed\": {\"fields\": [\"Subject\"]}}]"}}, {"model": "admin.logentry", "pk": 141, "fields": {"action_time": "2021-09-25T20:04:14.180Z", "user": 73, "content_type": 7, "object_id": "141", "object_repr": "8173", "action_flag": 2, "change_message": "[{\"changed\": {\"fields\": [\"Subject\"]}}]"}}, {"model": "admin.logentry", "pk": 142, "fields": {"action_time": "2021-09-25T20:04:47.102Z", "user": 73, "content_type": 7, "object_id": "142", "object_repr": "8174", "action_flag": 2, "change_message": "[{\"changed\": {\"fields\": [\"Subject\"]}}]"}}, {"model": "admin.logentry", "pk": 143, "fields": {"action_time": "2021-09-25T20:05:16.665Z", "user": 73, "content_type": 7, "object_id": "143", "object_repr": "8175", "action_flag": 2, "change_message": "[{\"changed\": {\"fields\": [\"Subject\"]}}]"}}, {"model": "admin.logentry", "pk": 144, "fields": {"action_time": "2021-09-25T20:08:14.904Z", "user": 73, "content_type": 7, "object_id": "144", "object_repr": "8176", "action_flag": 2, "change_message": "[{\"changed\": {\"fields\": [\"Subject\"]}}]"}}, {"model": "admin.logentry", "pk": 145, "fields": {"action_time": "2021-09-25T20:08:51.162Z", "user": 73, "content_type": 7, "object_id": "145", "object_repr": "8177", "action_flag": 2, "change_message": "[{\"changed\": {\"fields\": [\"Subject\"]}}]"}}, {"model": "admin.logentry", "pk": 146, "fields": {"action_time": "2021-09-25T20:10:07.121Z", "user": 73, "content_type": 7, "object_id": "146", "object_repr": "8178", "action_flag": 2, "change_message": "[{\"changed\": {\"fields\": [\"Name\", \"Subject\"]}}]"}}, {"model": "admin.logentry", "pk": 147, "fields": {"action_time": "2021-09-25T20:10:34.082Z", "user": 73, "content_type": 7, "object_id": "147", "object_repr": "8179", "action_flag": 2, "change_message": "[{\"changed\": {\"fields\": [\"Subject\"]}}]"}}, {"model": "admin.logentry", "pk": 148, "fields": {"action_time": "2021-09-25T20:11:00.831Z", "user": 73, "content_type": 7, "object_id": "148", "object_repr": "8180", "action_flag": 2, "change_message": "[{\"changed\": {\"fields\": [\"Name\", \"Subject\"]}}]"}}, {"model": "admin.logentry", "pk": 149, "fields": {"action_time": "2021-09-25T20:11:24.796Z", "user": 73, "content_type": 7, "object_id": "149", "object_repr": "8181", "action_flag": 2, "change_message": "[{\"changed\": {\"fields\": [\"Subject\"]}}]"}}, {"model": "admin.logentry", "pk": 150, "fields": {"action_time": "2021-09-25T20:11:56.247Z", "user": 73, "content_type": 7, "object_id": "150", "object_repr": "8182", "action_flag": 2, "change_message": "[{\"changed\": {\"fields\": [\"Subject\"]}}]"}}, {"model": "admin.logentry", "pk": 151, "fields": {"action_time": "2021-09-25T20:12:39.986Z", "user": 73, "content_type": 7, "object_id": "151", "object_repr": "8184", "action_flag": 2, "change_message": "[{\"changed\": {\"fields\": [\"Subject\"]}}]"}}, {"model": "admin.logentry", "pk": 152, "fields": {"action_time": "2021-09-25T20:13:13.489Z", "user": 73, "content_type": 7, "object_id": "152", "object_repr": "8185", "action_flag": 2, "change_message": "[{\"changed\": {\"fields\": [\"Subject\"]}}]"}}, {"model": "admin.logentry", "pk": 153, "fields": {"action_time": "2021-09-25T20:13:48.432Z", "user": 73, "content_type": 7, "object_id": "153", "object_repr": "8186", "action_flag": 2, "change_message": "[{\"changed\": {\"fields\": [\"Subject\"]}}]"}}, {"model": "admin.logentry", "pk": 154, "fields": {"action_time": "2021-09-25T20:14:14.415Z", "user": 73, "content_type": 7, "object_id": "154", "object_repr": "8187", "action_flag": 2, "change_message": "[{\"changed\": {\"fields\": [\"Subject\"]}}]"}}, {"model": "admin.logentry", "pk": 155, "fields": {"action_time": "2021-09-25T20:14:52.255Z", "user": 73, "content_type": 7, "object_id": "155", "object_repr": "8188", "action_flag": 2, "change_message": "[{\"changed\": {\"fields\": [\"Subject\"]}}]"}}, {"model": "admin.logentry", "pk": 156, "fields": {"action_time": "2021-09-25T20:15:19.156Z", "user": 73, "content_type": 7, "object_id": "156", "object_repr": "8189", "action_flag": 2, "change_message": "[{\"changed\": {\"fields\": [\"Name\", \"Subject\"]}}]"}}, {"model": "admin.logentry", "pk": 157, "fields": {"action_time": "2021-09-25T20:15:51.903Z", "user": 73, "content_type": 7, "object_id": "157", "object_repr": "8191", "action_flag": 2, "change_message": "[{\"changed\": {\"fields\": [\"Subject\"]}}]"}}, {"model": "admin.logentry", "pk": 158, "fields": {"action_time": "2021-09-25T20:16:15.858Z", "user": 73, "content_type": 7, "object_id": "158", "object_repr": "8193", "action_flag": 2, "change_message": "[{\"changed\": {\"fields\": [\"Subject\"]}}]"}}, {"model": "admin.logentry", "pk": 159, "fields": {"action_time": "2021-09-25T20:16:39.704Z", "user": 73, "content_type": 7, "object_id": "159", "object_repr": "8194", "action_flag": 2, "change_message": "[{\"changed\": {\"fields\": [\"Subject\"]}}]"}}, {"model": "admin.logentry", "pk": 160, "fields": {"action_time": "2021-09-25T20:17:06.858Z", "user": 73, "content_type": 7, "object_id": "160", "object_repr": "8195", "action_flag": 2, "change_message": "[{\"changed\": {\"fields\": [\"Subject\"]}}]"}}, {"model": "admin.logentry", "pk": 161, "fields": {"action_time": "2021-09-25T20:17:16.178Z", "user": 73, "content_type": 7, "object_id": "160", "object_repr": "8195", "action_flag": 2, "change_message": "[]"}}, {"model": "admin.logentry", "pk": 162, "fields": {"action_time": "2021-09-25T20:17:45.414Z", "user": 73, "content_type": 7, "object_id": "161", "object_repr": "8196", "action_flag": 2, "change_message": "[{\"changed\": {\"fields\": [\"Name\", \"Subject\"]}}]"}}, {"model": "admin.logentry", "pk": 163, "fields": {"action_time": "2021-09-25T20:18:09.822Z", "user": 73, "content_type": 7, "object_id": "162", "object_repr": "8198", "action_flag": 2, "change_message": "[{\"changed\": {\"fields\": [\"Subject\"]}}]"}}, {"model": "admin.logentry", "pk": 164, "fields": {"action_time": "2021-09-25T20:18:37.142Z", "user": 73, "content_type": 7, "object_id": "163", "object_repr": "8199", "action_flag": 2, "change_message": "[{\"changed\": {\"fields\": [\"Subject\"]}}]"}}, {"model": "admin.logentry", "pk": 165, "fields": {"action_time": "2021-09-25T20:19:06.393Z", "user": 73, "content_type": 7, "object_id": "164", "object_repr": "8200", "action_flag": 2, "change_message": "[{\"changed\": {\"fields\": [\"Subject\"]}}]"}}, {"model": "admin.logentry", "pk": 166, "fields": {"action_time": "2021-09-25T20:19:29.157Z", "user": 73, "content_type": 7, "object_id": "165", "object_repr": "8201", "action_flag": 2, "change_message": "[{\"changed\": {\"fields\": [\"Subject\"]}}]"}}, {"model": "admin.logentry", "pk": 167, "fields": {"action_time": "2021-09-25T20:19:30.454Z", "user": 73, "content_type": 7, "object_id": "165", "object_repr": "8201", "action_flag": 2, "change_message": "[]"}}, {"model": "admin.logentry", "pk": 168, "fields": {"action_time": "2021-09-25T20:19:52.417Z", "user": 73, "content_type": 7, "object_id": "166", "object_repr": "8203", "action_flag": 2, "change_message": "[{\"changed\": {\"fields\": [\"Subject\"]}}]"}}, {"model": "admin.logentry", "pk": 169, "fields": {"action_time": "2021-09-25T20:20:11.256Z", "user": 73, "content_type": 7, "object_id": "167", "object_repr": "8204", "action_flag": 2, "change_message": "[{\"changed\": {\"fields\": [\"Name\", \"Subject\"]}}]"}}, {"model": "admin.logentry", "pk": 170, "fields": {"action_time": "2021-09-25T20:20:37.722Z", "user": 73, "content_type": 7, "object_id": "168", "object_repr": "8205", "action_flag": 2, "change_message": "[{\"changed\": {\"fields\": [\"Subject\"]}}]"}}, {"model": "admin.logentry", "pk": 171, "fields": {"action_time": "2021-09-25T20:21:01.412Z", "user": 73, "content_type": 7, "object_id": "169", "object_repr": "8207", "action_flag": 2, "change_message": "[{\"changed\": {\"fields\": [\"Subject\"]}}]"}}, {"model": "admin.logentry", "pk": 172, "fields": {"action_time": "2021-09-25T20:21:24.958Z", "user": 73, "content_type": 7, "object_id": "170", "object_repr": "8208", "action_flag": 2, "change_message": "[{\"changed\": {\"fields\": [\"Subject\"]}}]"}}, {"model": "admin.logentry", "pk": 173, "fields": {"action_time": "2021-09-25T20:21:47.510Z", "user": 73, "content_type": 7, "object_id": "171", "object_repr": "8209", "action_flag": 2, "change_message": "[{\"changed\": {\"fields\": [\"Subject\"]}}]"}}, {"model": "admin.logentry", "pk": 174, "fields": {"action_time": "2021-09-25T20:22:11.554Z", "user": 73, "content_type": 7, "object_id": "172", "object_repr": "8210", "action_flag": 2, "change_message": "[{\"changed\": {\"fields\": [\"Subject\"]}}]"}}, {"model": "admin.logentry", "pk": 175, "fields": {"action_time": "2021-09-25T20:22:49.333Z", "user": 73, "content_type": 7, "object_id": "173", "object_repr": "8211", "action_flag": 2, "change_message": "[{\"changed\": {\"fields\": [\"Subject\"]}}]"}}, {"model": "admin.logentry", "pk": 176, "fields": {"action_time": "2021-09-25T20:23:16.714Z", "user": 73, "content_type": 7, "object_id": "174", "object_repr": "8212", "action_flag": 2, "change_message": "[{\"changed\": {\"fields\": [\"Subject\"]}}]"}}, {"model": "admin.logentry", "pk": 177, "fields": {"action_time": "2021-09-25T20:23:41.873Z", "user": 73, "content_type": 7, "object_id": "175", "object_repr": "8213", "action_flag": 2, "change_message": "[{\"changed\": {\"fields\": [\"Subject\"]}}]"}}, {"model": "admin.logentry", "pk": 178, "fields": {"action_time": "2021-09-25T20:24:01.671Z", "user": 73, "content_type": 7, "object_id": "176", "object_repr": "8215", "action_flag": 2, "change_message": "[{\"changed\": {\"fields\": [\"Subject\"]}}]"}}, {"model": "admin.logentry", "pk": 179, "fields": {"action_time": "2021-09-25T20:24:27.935Z", "user": 73, "content_type": 7, "object_id": "177", "object_repr": "8216", "action_flag": 2, "change_message": "[{\"changed\": {\"fields\": [\"Subject\"]}}]"}}, {"model": "admin.logentry", "pk": 180, "fields": {"action_time": "2021-09-25T20:24:54.385Z", "user": 73, "content_type": 7, "object_id": "178", "object_repr": "8217", "action_flag": 2, "change_message": "[{\"changed\": {\"fields\": [\"Subject\"]}}]"}}, {"model": "admin.logentry", "pk": 181, "fields": {"action_time": "2021-09-25T20:26:04.731Z", "user": 73, "content_type": 7, "object_id": "179", "object_repr": "8218", "action_flag": 2, "change_message": "[{\"changed\": {\"fields\": [\"Subject\"]}}]"}}, {"model": "admin.logentry", "pk": 182, "fields": {"action_time": "2021-09-25T20:26:32.038Z", "user": 73, "content_type": 7, "object_id": "180", "object_repr": "8219", "action_flag": 2, "change_message": "[{\"changed\": {\"fields\": [\"Subject\"]}}]"}}, {"model": "admin.logentry", "pk": 183, "fields": {"action_time": "2021-09-25T20:27:02.917Z", "user": 73, "content_type": 7, "object_id": "181", "object_repr": "8220", "action_flag": 2, "change_message": "[{\"changed\": {\"fields\": [\"Subject\"]}}]"}}, {"model": "admin.logentry", "pk": 184, "fields": {"action_time": "2021-09-25T20:27:30.344Z", "user": 73, "content_type": 7, "object_id": "182", "object_repr": "8221", "action_flag": 2, "change_message": "[{\"changed\": {\"fields\": [\"Subject\"]}}]"}}, {"model": "admin.logentry", "pk": 185, "fields": {"action_time": "2021-09-25T20:27:57.602Z", "user": 73, "content_type": 7, "object_id": "183", "object_repr": "8222", "action_flag": 2, "change_message": "[{\"changed\": {\"fields\": [\"Subject\"]}}]"}}, {"model": "admin.logentry", "pk": 186, "fields": {"action_time": "2021-09-25T20:28:31.225Z", "user": 73, "content_type": 7, "object_id": "184", "object_repr": "8223", "action_flag": 2, "change_message": "[{\"changed\": {\"fields\": [\"Subject\"]}}]"}}, {"model": "admin.logentry", "pk": 187, "fields": {"action_time": "2021-09-25T20:28:56.024Z", "user": 73, "content_type": 7, "object_id": "185", "object_repr": "8224", "action_flag": 2, "change_message": "[{\"changed\": {\"fields\": [\"Subject\"]}}]"}}, {"model": "admin.logentry", "pk": 188, "fields": {"action_time": "2021-09-25T20:29:28.138Z", "user": 73, "content_type": 7, "object_id": "186", "object_repr": "8225", "action_flag": 2, "change_message": "[{\"changed\": {\"fields\": [\"Subject\"]}}]"}}, {"model": "admin.logentry", "pk": 189, "fields": {"action_time": "2021-09-25T20:31:13.288Z", "user": 73, "content_type": 15, "object_id": "1", "object_repr": "Timetable object (1)", "action_flag": 1, "change_message": "[{\"added\": {}}]"}}, {"model": "admin.logentry", "pk": 190, "fields": {"action_time": "2021-09-25T20:31:48.339Z", "user": 73, "content_type": 15, "object_id": "2", "object_repr": "Timetable object (2)", "action_flag": 1, "change_message": "[{\"added\": {}}]"}}, {"model": "admin.logentry", "pk": 191, "fields": {"action_time": "2021-09-25T20:33:01.429Z", "user": 73, "content_type": 15, "object_id": "3", "object_repr": "Timetable object (3)", "action_flag": 1, "change_message": "[{\"added\": {}}]"}}, {"model": "admin.logentry", "pk": 192, "fields": {"action_time": "2021-09-25T20:33:23.557Z", "user": 73, "content_type": 15, "object_id": "2", "object_repr": "Timetable object (2)", "action_flag": 2, "change_message": "[{\"changed\": {\"fields\": [\"T6\", \"T7\"]}}]"}}, {"model": "admin.logentry", "pk": 193, "fields": {"action_time": "2021-09-25T20:34:36.941Z", "user": 73, "content_type": 15, "object_id": "4", "object_repr": "Timetable object (4)", "action_flag": 1, "change_message": "[{\"added\": {}}]"}}, {"model": "admin.logentry", "pk": 194, "fields": {"action_time": "2021-09-25T20:35:44.387Z", "user": 73, "content_type": 15, "object_id": "5", "object_repr": "Timetable object (5)", "action_flag": 1, "change_message": "[{\"added\": {}}]"}}, {"model": "admin.logentry", "pk": 195, "fields": {"action_time": "2021-09-27T18:13:18.013Z", "user": 73, "content_type": 13, "object_id": "1", "object_repr": "Attendance_Out_Of object (1)", "action_flag": 3, "change_message": ""}}, {"model": "admin.logentry", "pk": 196, "fields": {"action_time": "2021-09-27T18:44:23.311Z", "user": 73, "content_type": 13, "object_id": "2", "object_repr": "Attendance_Out_Of object (2)", "action_flag": 3, "change_message": ""}}, {"model": "admin.logentry", "pk": 197, "fields": {"action_time": "2021-09-27T19:17:13.539Z", "user": 73, "content_type": 13, "object_id": "3", "object_repr": "Attendance_Out_Of object (3)", "action_flag": 3, "change_message": ""}}, {"model": "admin.logentry", "pk": 198, "fields": {"action_time": "2021-09-27T19:19:22.586Z", "user": 73, "content_type": 13, "object_id": "4", "object_repr": "Attendance_Out_Of object (4)", "action_flag": 3, "change_message": ""}}, {"model": "admin.logentry", "pk": 199, "fields": {"action_time": "2021-09-28T14:41:14.238Z", "user": 73, "content_type": 14, "object_id": "1", "object_repr": "Attendance object (1)", "action_flag": 2, "change_message": "[{\"changed\": {\"fields\": [\"M1\"]}}]"}}, {"model": "admin.logentry", "pk": 200, "fields": {"action_time": "2021-09-28T14:41:27.197Z", "user": 73, "content_type": 14, "object_id": "1", "object_repr": "Attendance object (1)", "action_flag": 2, "change_message": "[{\"changed\": {\"fields\": [\"M1\"]}}]"}}, {"model": "admin.logentry", "pk": 201, "fields": {"action_time": "2021-09-28T14:43:08.454Z", "user": 73, "content_type": 12, "object_id": "1", "object_repr": "Marks object (1)", "action_flag": 3, "change_message": ""}}, {"model": "admin.logentry", "pk": 202, "fields": {"action_time": "2021-09-28T14:43:08.461Z", "user": 73, "content_type": 12, "object_id": "2", "object_repr": "Marks object (2)", "action_flag": 3, "change_message": ""}}, {"model": "admin.logentry", "pk": 203, "fields": {"action_time": "2021-09-28T14:43:08.463Z", "user": 73, "content_type": 12, "object_id": "3", "object_repr": "Marks object (3)", "action_flag": 3, "change_message": ""}}, {"model": "admin.logentry", "pk": 204, "fields": {"action_time": "2021-09-28T14:43:08.464Z", "user": 73, "content_type": 12, "object_id": "4", "object_repr": "Marks object (4)", "action_flag": 3, "change_message": ""}}, {"model": "admin.logentry", "pk": 205, "fields": {"action_time": "2021-09-28T14:43:08.467Z", "user": 73, "content_type": 12, "object_id": "5", "object_repr": "Marks object (5)", "action_flag": 3, "change_message": ""}}, {"model": "admin.logentry", "pk": 206, "fields": {"action_time": "2021-09-28T14:43:08.469Z", "user": 73, "content_type": 12, "object_id": "6", "object_repr": "Marks object (6)", "action_flag": 3, "change_message": ""}}, {"model": "admin.logentry", "pk": 207, "fields": {"action_time": "2021-09-28T14:43:08.471Z", "user": 73, "content_type": 12, "object_id": "7", "object_repr": "Marks object (7)", "action_flag": 3, "change_message": ""}}, {"model": "admin.logentry", "pk": 208, "fields": {"action_time": "2021-09-28T14:43:08.472Z", "user": 73, "content_type": 12, "object_id": "8", "object_repr": "Marks object (8)", "action_flag": 3, "change_message": ""}}, {"model": "admin.logentry", "pk": 209, "fields": {"action_time": "2021-09-28T14:43:08.474Z", "user": 73, "content_type": 12, "object_id": "9", "object_repr": "Marks object (9)", "action_flag": 3, "change_message": ""}}, {"model": "admin.logentry", "pk": 210, "fields": {"action_time": "2021-09-28T14:43:08.475Z", "user": 73, "content_type": 12, "object_id": "10", "object_repr": "Marks object (10)", "action_flag": 3, "change_message": ""}}, {"model": "admin.logentry", "pk": 211, "fields": {"action_time": "2021-09-28T14:43:08.478Z", "user": 73, "content_type": 12, "object_id": "11", "object_repr": "Marks object (11)", "action_flag": 3, "change_message": ""}}, {"model": "admin.logentry", "pk": 212, "fields": {"action_time": "2021-09-28T14:43:08.479Z", "user": 73, "content_type": 12, "object_id": "12", "object_repr": "Marks object (12)", "action_flag": 3, "change_message": ""}}, {"model": "admin.logentry", "pk": 213, "fields": {"action_time": "2021-09-28T14:43:08.480Z", "user": 73, "content_type": 12, "object_id": "13", "object_repr": "Marks object (13)", "action_flag": 3, "change_message": ""}}, {"model": "admin.logentry", "pk": 214, "fields": {"action_time": "2021-09-28T14:43:08.481Z", "user": 73, "content_type": 12, "object_id": "14", "object_repr": "Marks object (14)", "action_flag": 3, "change_message": ""}}, {"model": "admin.logentry", "pk": 215, "fields": {"action_time": "2021-09-28T14:43:08.483Z", "user": 73, "content_type": 12, "object_id": "15", "object_repr": "Marks object (15)", "action_flag": 3, "change_message": ""}}, {"model": "admin.logentry", "pk": 216, "fields": {"action_time": "2021-09-28T14:43:08.484Z", "user": 73, "content_type": 12, "object_id": "16", "object_repr": "Marks object (16)", "action_flag": 3, "change_message": ""}}, {"model": "admin.logentry", "pk": 217, "fields": {"action_time": "2021-09-28T14:43:08.486Z", "user": 73, "content_type": 12, "object_id": "17", "object_repr": "Marks object (17)", "action_flag": 3, "change_message": ""}}, {"model": "admin.logentry", "pk": 218, "fields": {"action_time": "2021-09-28T14:43:08.487Z", "user": 73, "content_type": 12, "object_id": "18", "object_repr": "Marks object (18)", "action_flag": 3, "change_message": ""}}, {"model": "admin.logentry", "pk": 219, "fields": {"action_time": "2021-09-28T14:43:08.489Z", "user": 73, "content_type": 12, "object_id": "19", "object_repr": "Marks object (19)", "action_flag": 3, "change_message": ""}}, {"model": "admin.logentry", "pk": 220, "fields": {"action_time": "2021-09-28T14:43:08.490Z", "user": 73, "content_type": 12, "object_id": "20", "object_repr": "Marks object (20)", "action_flag": 3, "change_message": ""}}, {"model": "admin.logentry", "pk": 221, "fields": {"action_time": "2021-09-28T14:43:08.491Z", "user": 73, "content_type": 12, "object_id": "21", "object_repr": "Marks object (21)", "action_flag": 3, "change_message": ""}}, {"model": "admin.logentry", "pk": 222, "fields": {"action_time": "2021-09-28T14:43:08.493Z", "user": 73, "content_type": 12, "object_id": "22", "object_repr": "Marks object (22)", "action_flag": 3, "change_message": ""}}, {"model": "admin.logentry", "pk": 223, "fields": {"action_time": "2021-09-28T14:43:08.494Z", "user": 73, "content_type": 12, "object_id": "23", "object_repr": "Marks object (23)", "action_flag": 3, "change_message": ""}}, {"model": "admin.logentry", "pk": 224, "fields": {"action_time": "2021-09-28T14:43:08.496Z", "user": 73, "content_type": 12, "object_id": "24", "object_repr": "Marks object (24)", "action_flag": 3, "change_message": ""}}, {"model": "admin.logentry", "pk": 225, "fields": {"action_time": "2021-09-28T14:43:08.498Z", "user": 73, "content_type": 12, "object_id": "25", "object_repr": "Marks object (25)", "action_flag": 3, "change_message": ""}}, {"model": "admin.logentry", "pk": 226, "fields": {"action_time": "2021-09-28T14:43:08.499Z", "user": 73, "content_type": 12, "object_id": "26", "object_repr": "Marks object (26)", "action_flag": 3, "change_message": ""}}, {"model": "admin.logentry", "pk": 227, "fields": {"action_time": "2021-09-28T14:43:08.500Z", "user": 73, "content_type": 12, "object_id": "27", "object_repr": "Marks object (27)", "action_flag": 3, "change_message": ""}}, {"model": "admin.logentry", "pk": 228, "fields": {"action_time": "2021-09-28T14:43:08.501Z", "user": 73, "content_type": 12, "object_id": "28", "object_repr": "Marks object (28)", "action_flag": 3, "change_message": ""}}, {"model": "admin.logentry", "pk": 229, "fields": {"action_time": "2021-09-28T14:43:08.503Z", "user": 73, "content_type": 12, "object_id": "29", "object_repr": "Marks object (29)", "action_flag": 3, "change_message": ""}}, {"model": "admin.logentry", "pk": 230, "fields": {"action_time": "2021-09-28T14:43:08.504Z", "user": 73, "content_type": 12, "object_id": "30", "object_repr": "Marks object (30)", "action_flag": 3, "change_message": ""}}, {"model": "admin.logentry", "pk": 231, "fields": {"action_time": "2021-09-28T14:43:08.506Z", "user": 73, "content_type": 12, "object_id": "31", "object_repr": "Marks object (31)", "action_flag": 3, "change_message": ""}}, {"model": "admin.logentry", "pk": 232, "fields": {"action_time": "2021-09-28T14:43:08.508Z", "user": 73, "content_type": 12, "object_id": "32", "object_repr": "Marks object (32)", "action_flag": 3, "change_message": ""}}, {"model": "admin.logentry", "pk": 233, "fields": {"action_time": "2021-09-28T14:43:08.509Z", "user": 73, "content_type": 12, "object_id": "33", "object_repr": "Marks object (33)", "action_flag": 3, "change_message": ""}}, {"model": "admin.logentry", "pk": 234, "fields": {"action_time": "2021-09-28T14:43:08.510Z", "user": 73, "content_type": 12, "object_id": "34", "object_repr": "Marks object (34)", "action_flag": 3, "change_message": ""}}, {"model": "admin.logentry", "pk": 235, "fields": {"action_time": "2021-09-28T14:43:08.512Z", "user": 73, "content_type": 12, "object_id": "35", "object_repr": "Marks object (35)", "action_flag": 3, "change_message": ""}}, {"model": "admin.logentry", "pk": 236, "fields": {"action_time": "2021-09-28T14:43:08.514Z", "user": 73, "content_type": 12, "object_id": "36", "object_repr": "Marks object (36)", "action_flag": 3, "change_message": ""}}, {"model": "admin.logentry", "pk": 237, "fields": {"action_time": "2021-09-28T14:43:08.515Z", "user": 73, "content_type": 12, "object_id": "37", "object_repr": "Marks object (37)", "action_flag": 3, "change_message": ""}}, {"model": "admin.logentry", "pk": 238, "fields": {"action_time": "2021-09-28T14:43:08.517Z", "user": 73, "content_type": 12, "object_id": "38", "object_repr": "Marks object (38)", "action_flag": 3, "change_message": ""}}, {"model": "admin.logentry", "pk": 239, "fields": {"action_time": "2021-09-28T14:43:08.518Z", "user": 73, "content_type": 12, "object_id": "39", "object_repr": "Marks object (39)", "action_flag": 3, "change_message": ""}}, {"model": "admin.logentry", "pk": 240, "fields": {"action_time": "2021-09-28T14:43:08.519Z", "user": 73, "content_type": 12, "object_id": "40", "object_repr": "Marks object (40)", "action_flag": 3, "change_message": ""}}, {"model": "admin.logentry", "pk": 241, "fields": {"action_time": "2021-09-28T14:43:08.521Z", "user": 73, "content_type": 12, "object_id": "41", "object_repr": "Marks object (41)", "action_flag": 3, "change_message": ""}}, {"model": "admin.logentry", "pk": 242, "fields": {"action_time": "2021-09-28T14:43:08.523Z", "user": 73, "content_type": 12, "object_id": "42", "object_repr": "Marks object (42)", "action_flag": 3, "change_message": ""}}, {"model": "admin.logentry", "pk": 243, "fields": {"action_time": "2021-09-28T14:43:08.525Z", "user": 73, "content_type": 12, "object_id": "43", "object_repr": "Marks object (43)", "action_flag": 3, "change_message": ""}}, {"model": "admin.logentry", "pk": 244, "fields": {"action_time": "2021-09-28T14:43:08.527Z", "user": 73, "content_type": 12, "object_id": "44", "object_repr": "Marks object (44)", "action_flag": 3, "change_message": ""}}, {"model": "admin.logentry", "pk": 245, "fields": {"action_time": "2021-09-28T14:43:08.529Z", "user": 73, "content_type": 12, "object_id": "45", "object_repr": "Marks object (45)", "action_flag": 3, "change_message": ""}}, {"model": "admin.logentry", "pk": 246, "fields": {"action_time": "2021-09-28T14:43:08.529Z", "user": 73, "content_type": 12, "object_id": "46", "object_repr": "Marks object (46)", "action_flag": 3, "change_message": ""}}, {"model": "admin.logentry", "pk": 247, "fields": {"action_time": "2021-09-28T14:43:08.531Z", "user": 73, "content_type": 12, "object_id": "47", "object_repr": "Marks object (47)", "action_flag": 3, "change_message": ""}}, {"model": "admin.logentry", "pk": 248, "fields": {"action_time": "2021-09-28T14:43:08.532Z", "user": 73, "content_type": 12, "object_id": "48", "object_repr": "Marks object (48)", "action_flag": 3, "change_message": ""}}, {"model": "admin.logentry", "pk": 249, "fields": {"action_time": "2021-09-28T14:43:08.533Z", "user": 73, "content_type": 12, "object_id": "49", "object_repr": "Marks object (49)", "action_flag": 3, "change_message": ""}}, {"model": "admin.logentry", "pk": 250, "fields": {"action_time": "2021-09-28T14:43:08.535Z", "user": 73, "content_type": 12, "object_id": "50", "object_repr": "Marks object (50)", "action_flag": 3, "change_message": ""}}, {"model": "admin.logentry", "pk": 251, "fields": {"action_time": "2021-09-28T14:43:08.537Z", "user": 73, "content_type": 12, "object_id": "51", "object_repr": "Marks object (51)", "action_flag": 3, "change_message": ""}}, {"model": "admin.logentry", "pk": 252, "fields": {"action_time": "2021-09-28T14:43:08.538Z", "user": 73, "content_type": 12, "object_id": "52", "object_repr": "Marks object (52)", "action_flag": 3, "change_message": ""}}, {"model": "admin.logentry", "pk": 253, "fields": {"action_time": "2021-09-28T14:43:08.540Z", "user": 73, "content_type": 12, "object_id": "53", "object_repr": "Marks object (53)", "action_flag": 3, "change_message": ""}}, {"model": "admin.logentry", "pk": 254, "fields": {"action_time": "2021-09-28T14:43:08.542Z", "user": 73, "content_type": 12, "object_id": "54", "object_repr": "Marks object (54)", "action_flag": 3, "change_message": ""}}, {"model": "admin.logentry", "pk": 255, "fields": {"action_time": "2021-09-28T14:43:08.543Z", "user": 73, "content_type": 12, "object_id": "55", "object_repr": "Marks object (55)", "action_flag": 3, "change_message": ""}}, {"model": "admin.logentry", "pk": 256, "fields": {"action_time": "2021-09-28T14:43:08.544Z", "user": 73, "content_type": 12, "object_id": "56", "object_repr": "Marks object (56)", "action_flag": 3, "change_message": ""}}, {"model": "admin.logentry", "pk": 257, "fields": {"action_time": "2021-09-28T14:43:08.546Z", "user": 73, "content_type": 12, "object_id": "57", "object_repr": "Marks object (57)", "action_flag": 3, "change_message": ""}}, {"model": "admin.logentry", "pk": 258, "fields": {"action_time": "2021-09-28T14:43:08.547Z", "user": 73, "content_type": 12, "object_id": "58", "object_repr": "Marks object (58)", "action_flag": 3, "change_message": ""}}, {"model": "admin.logentry", "pk": 259, "fields": {"action_time": "2021-09-28T14:43:08.548Z", "user": 73, "content_type": 12, "object_id": "59", "object_repr": "Marks object (59)", "action_flag": 3, "change_message": ""}}, {"model": "admin.logentry", "pk": 260, "fields": {"action_time": "2021-09-28T14:43:08.551Z", "user": 73, "content_type": 12, "object_id": "60", "object_repr": "Marks object (60)", "action_flag": 3, "change_message": ""}}, {"model": "admin.logentry", "pk": 261, "fields": {"action_time": "2021-09-28T14:43:08.552Z", "user": 73, "content_type": 12, "object_id": "61", "object_repr": "Marks object (61)", "action_flag": 3, "change_message": ""}}, {"model": "admin.logentry", "pk": 262, "fields": {"action_time": "2021-09-28T14:43:08.553Z", "user": 73, "content_type": 12, "object_id": "62", "object_repr": "Marks object (62)", "action_flag": 3, "change_message": ""}}, {"model": "admin.logentry", "pk": 263, "fields": {"action_time": "2021-09-28T14:43:20.341Z", "user": 73, "content_type": 11, "object_id": "1", "object_repr": "Marks_Out_Of object (1)", "action_flag": 3, "change_message": ""}}, {"model": "admin.logentry", "pk": 264, "fields": {"action_time": "2021-09-28T14:50:10.519Z", "user": 73, "content_type": 11, "object_id": "2", "object_repr": "Marks_Out_Of object (2)", "action_flag": 3, "change_message": ""}}, {"model": "admin.logentry", "pk": 265, "fields": {"action_time": "2021-09-28T14:50:26.855Z", "user": 73, "content_type": 12, "object_id": "63", "object_repr": "Marks object (63)", "action_flag": 3, "change_message": ""}}, {"model": "admin.logentry", "pk": 266, "fields": {"action_time": "2021-09-28T14:50:26.862Z", "user": 73, "content_type": 12, "object_id": "64", "object_repr": "Marks object (64)", "action_flag": 3, "change_message": ""}}, {"model": "admin.logentry", "pk": 267, "fields": {"action_time": "2021-09-28T14:50:26.864Z", "user": 73, "content_type": 12, "object_id": "65", "object_repr": "Marks object (65)", "action_flag": 3, "change_message": ""}}, {"model": "admin.logentry", "pk": 268, "fields": {"action_time": "2021-09-28T14:50:26.866Z", "user": 73, "content_type": 12, "object_id": "66", "object_repr": "Marks object (66)", "action_flag": 3, "change_message": ""}}, {"model": "admin.logentry", "pk": 269, "fields": {"action_time": "2021-09-28T14:50:26.867Z", "user": 73, "content_type": 12, "object_id": "67", "object_repr": "Marks object (67)", "action_flag": 3, "change_message": ""}}, {"model": "admin.logentry", "pk": 270, "fields": {"action_time": "2021-09-28T14:50:26.869Z", "user": 73, "content_type": 12, "object_id": "68", "object_repr": "Marks object (68)", "action_flag": 3, "change_message": ""}}, {"model": "admin.logentry", "pk": 271, "fields": {"action_time": "2021-09-28T14:50:26.871Z", "user": 73, "content_type": 12, "object_id": "69", "object_repr": "Marks object (69)", "action_flag": 3, "change_message": ""}}, {"model": "admin.logentry", "pk": 272, "fields": {"action_time": "2021-09-28T14:50:26.872Z", "user": 73, "content_type": 12, "object_id": "70", "object_repr": "Marks object (70)", "action_flag": 3, "change_message": ""}}, {"model": "admin.logentry", "pk": 273, "fields": {"action_time": "2021-09-28T14:50:26.874Z", "user": 73, "content_type": 12, "object_id": "71", "object_repr": "Marks object (71)", "action_flag": 3, "change_message": ""}}, {"model": "admin.logentry", "pk": 274, "fields": {"action_time": "2021-09-28T14:50:26.875Z", "user": 73, "content_type": 12, "object_id": "72", "object_repr": "Marks object (72)", "action_flag": 3, "change_message": ""}}, {"model": "admin.logentry", "pk": 275, "fields": {"action_time": "2021-09-28T14:50:26.877Z", "user": 73, "content_type": 12, "object_id": "73", "object_repr": "Marks object (73)", "action_flag": 3, "change_message": ""}}, {"model": "admin.logentry", "pk": 276, "fields": {"action_time": "2021-09-28T14:50:26.878Z", "user": 73, "content_type": 12, "object_id": "74", "object_repr": "Marks object (74)", "action_flag": 3, "change_message": ""}}, {"model": "admin.logentry", "pk": 277, "fields": {"action_time": "2021-09-28T14:50:26.880Z", "user": 73, "content_type": 12, "object_id": "75", "object_repr": "Marks object (75)", "action_flag": 3, "change_message": ""}}, {"model": "admin.logentry", "pk": 278, "fields": {"action_time": "2021-09-28T14:50:26.881Z", "user": 73, "content_type": 12, "object_id": "76", "object_repr": "Marks object (76)", "action_flag": 3, "change_message": ""}}, {"model": "admin.logentry", "pk": 279, "fields": {"action_time": "2021-09-28T14:50:26.883Z", "user": 73, "content_type": 12, "object_id": "77", "object_repr": "Marks object (77)", "action_flag": 3, "change_message": ""}}, {"model": "admin.logentry", "pk": 280, "fields": {"action_time": "2021-09-28T14:50:26.885Z", "user": 73, "content_type": 12, "object_id": "78", "object_repr": "Marks object (78)", "action_flag": 3, "change_message": ""}}, {"model": "admin.logentry", "pk": 281, "fields": {"action_time": "2021-09-28T14:50:26.886Z", "user": 73, "content_type": 12, "object_id": "79", "object_repr": "Marks object (79)", "action_flag": 3, "change_message": ""}}, {"model": "admin.logentry", "pk": 282, "fields": {"action_time": "2021-09-28T14:50:26.888Z", "user": 73, "content_type": 12, "object_id": "80", "object_repr": "Marks object (80)", "action_flag": 3, "change_message": ""}}, {"model": "admin.logentry", "pk": 283, "fields": {"action_time": "2021-09-28T14:50:26.890Z", "user": 73, "content_type": 12, "object_id": "81", "object_repr": "Marks object (81)", "action_flag": 3, "change_message": ""}}, {"model": "admin.logentry", "pk": 284, "fields": {"action_time": "2021-09-28T14:50:26.892Z", "user": 73, "content_type": 12, "object_id": "82", "object_repr": "Marks object (82)", "action_flag": 3, "change_message": ""}}, {"model": "admin.logentry", "pk": 285, "fields": {"action_time": "2021-09-28T14:50:26.893Z", "user": 73, "content_type": 12, "object_id": "83", "object_repr": "Marks object (83)", "action_flag": 3, "change_message": ""}}, {"model": "admin.logentry", "pk": 286, "fields": {"action_time": "2021-09-28T14:50:26.895Z", "user": 73, "content_type": 12, "object_id": "84", "object_repr": "Marks object (84)", "action_flag": 3, "change_message": ""}}, {"model": "admin.logentry", "pk": 287, "fields": {"action_time": "2021-09-28T14:50:26.896Z", "user": 73, "content_type": 12, "object_id": "85", "object_repr": "Marks object (85)", "action_flag": 3, "change_message": ""}}, {"model": "admin.logentry", "pk": 288, "fields": {"action_time": "2021-09-28T14:50:26.898Z", "user": 73, "content_type": 12, "object_id": "86", "object_repr": "Marks object (86)", "action_flag": 3, "change_message": ""}}, {"model": "admin.logentry", "pk": 289, "fields": {"action_time": "2021-09-28T14:50:26.899Z", "user": 73, "content_type": 12, "object_id": "87", "object_repr": "Marks object (87)", "action_flag": 3, "change_message": ""}}, {"model": "admin.logentry", "pk": 290, "fields": {"action_time": "2021-09-28T14:50:26.901Z", "user": 73, "content_type": 12, "object_id": "88", "object_repr": "Marks object (88)", "action_flag": 3, "change_message": ""}}, {"model": "admin.logentry", "pk": 291, "fields": {"action_time": "2021-09-28T14:50:26.903Z", "user": 73, "content_type": 12, "object_id": "89", "object_repr": "Marks object (89)", "action_flag": 3, "change_message": ""}}, {"model": "admin.logentry", "pk": 292, "fields": {"action_time": "2021-09-28T14:50:26.905Z", "user": 73, "content_type": 12, "object_id": "90", "object_repr": "Marks object (90)", "action_flag": 3, "change_message": ""}}, {"model": "admin.logentry", "pk": 293, "fields": {"action_time": "2021-09-28T14:50:26.907Z", "user": 73, "content_type": 12, "object_id": "91", "object_repr": "Marks object (91)", "action_flag": 3, "change_message": ""}}, {"model": "admin.logentry", "pk": 294, "fields": {"action_time": "2021-09-28T14:50:26.909Z", "user": 73, "content_type": 12, "object_id": "92", "object_repr": "Marks object (92)", "action_flag": 3, "change_message": ""}}, {"model": "admin.logentry", "pk": 295, "fields": {"action_time": "2021-09-28T14:50:26.910Z", "user": 73, "content_type": 12, "object_id": "93", "object_repr": "Marks object (93)", "action_flag": 3, "change_message": ""}}, {"model": "admin.logentry", "pk": 296, "fields": {"action_time": "2021-09-28T14:50:26.912Z", "user": 73, "content_type": 12, "object_id": "94", "object_repr": "Marks object (94)", "action_flag": 3, "change_message": ""}}, {"model": "admin.logentry", "pk": 297, "fields": {"action_time": "2021-09-28T14:50:26.913Z", "user": 73, "content_type": 12, "object_id": "95", "object_repr": "Marks object (95)", "action_flag": 3, "change_message": ""}}, {"model": "admin.logentry", "pk": 298, "fields": {"action_time": "2021-09-28T14:50:26.915Z", "user": 73, "content_type": 12, "object_id": "96", "object_repr": "Marks object (96)", "action_flag": 3, "change_message": ""}}, {"model": "admin.logentry", "pk": 299, "fields": {"action_time": "2021-09-28T14:50:26.916Z", "user": 73, "content_type": 12, "object_id": "97", "object_repr": "Marks object (97)", "action_flag": 3, "change_message": ""}}, {"model": "admin.logentry", "pk": 300, "fields": {"action_time": "2021-09-28T14:50:26.918Z", "user": 73, "content_type": 12, "object_id": "98", "object_repr": "Marks object (98)", "action_flag": 3, "change_message": ""}}, {"model": "admin.logentry", "pk": 301, "fields": {"action_time": "2021-09-28T14:50:26.920Z", "user": 73, "content_type": 12, "object_id": "99", "object_repr": "Marks object (99)", "action_flag": 3, "change_message": ""}}, {"model": "admin.logentry", "pk": 302, "fields": {"action_time": "2021-09-28T14:50:26.921Z", "user": 73, "content_type": 12, "object_id": "100", "object_repr": "Marks object (100)", "action_flag": 3, "change_message": ""}}, {"model": "admin.logentry", "pk": 303, "fields": {"action_time": "2021-09-28T14:50:26.923Z", "user": 73, "content_type": 12, "object_id": "101", "object_repr": "Marks object (101)", "action_flag": 3, "change_message": ""}}, {"model": "admin.logentry", "pk": 304, "fields": {"action_time": "2021-09-28T14:50:26.925Z", "user": 73, "content_type": 12, "object_id": "102", "object_repr": "Marks object (102)", "action_flag": 3, "change_message": ""}}, {"model": "admin.logentry", "pk": 305, "fields": {"action_time": "2021-09-28T14:50:26.926Z", "user": 73, "content_type": 12, "object_id": "103", "object_repr": "Marks object (103)", "action_flag": 3, "change_message": ""}}, {"model": "admin.logentry", "pk": 306, "fields": {"action_time": "2021-09-28T14:50:26.928Z", "user": 73, "content_type": 12, "object_id": "104", "object_repr": "Marks object (104)", "action_flag": 3, "change_message": ""}}, {"model": "admin.logentry", "pk": 307, "fields": {"action_time": "2021-09-28T14:50:26.929Z", "user": 73, "content_type": 12, "object_id": "105", "object_repr": "Marks object (105)", "action_flag": 3, "change_message": ""}}, {"model": "admin.logentry", "pk": 308, "fields": {"action_time": "2021-09-28T14:50:26.931Z", "user": 73, "content_type": 12, "object_id": "106", "object_repr": "Marks object (106)", "action_flag": 3, "change_message": ""}}, {"model": "admin.logentry", "pk": 309, "fields": {"action_time": "2021-09-28T14:50:26.932Z", "user": 73, "content_type": 12, "object_id": "107", "object_repr": "Marks object (107)", "action_flag": 3, "change_message": ""}}, {"model": "admin.logentry", "pk": 310, "fields": {"action_time": "2021-09-28T14:50:26.934Z", "user": 73, "content_type": 12, "object_id": "108", "object_repr": "Marks object (108)", "action_flag": 3, "change_message": ""}}, {"model": "admin.logentry", "pk": 311, "fields": {"action_time": "2021-09-28T14:50:26.936Z", "user": 73, "content_type": 12, "object_id": "109", "object_repr": "Marks object (109)", "action_flag": 3, "change_message": ""}}, {"model": "admin.logentry", "pk": 312, "fields": {"action_time": "2021-09-28T14:50:26.938Z", "user": 73, "content_type": 12, "object_id": "110", "object_repr": "Marks object (110)", "action_flag": 3, "change_message": ""}}, {"model": "admin.logentry", "pk": 313, "fields": {"action_time": "2021-09-28T14:50:26.939Z", "user": 73, "content_type": 12, "object_id": "111", "object_repr": "Marks object (111)", "action_flag": 3, "change_message": ""}}, {"model": "admin.logentry", "pk": 314, "fields": {"action_time": "2021-09-28T14:50:26.941Z", "user": 73, "content_type": 12, "object_id": "112", "object_repr": "Marks object (112)", "action_flag": 3, "change_message": ""}}, {"model": "admin.logentry", "pk": 315, "fields": {"action_time": "2021-09-28T14:50:26.942Z", "user": 73, "content_type": 12, "object_id": "113", "object_repr": "Marks object (113)", "action_flag": 3, "change_message": ""}}, {"model": "admin.logentry", "pk": 316, "fields": {"action_time": "2021-09-28T14:50:26.944Z", "user": 73, "content_type": 12, "object_id": "114", "object_repr": "Marks object (114)", "action_flag": 3, "change_message": ""}}, {"model": "admin.logentry", "pk": 317, "fields": {"action_time": "2021-09-28T14:50:26.945Z", "user": 73, "content_type": 12, "object_id": "115", "object_repr": "Marks object (115)", "action_flag": 3, "change_message": ""}}, {"model": "admin.logentry", "pk": 318, "fields": {"action_time": "2021-09-28T14:50:26.947Z", "user": 73, "content_type": 12, "object_id": "116", "object_repr": "Marks object (116)", "action_flag": 3, "change_message": ""}}, {"model": "admin.logentry", "pk": 319, "fields": {"action_time": "2021-09-28T14:50:26.948Z", "user": 73, "content_type": 12, "object_id": "117", "object_repr": "Marks object (117)", "action_flag": 3, "change_message": ""}}, {"model": "admin.logentry", "pk": 320, "fields": {"action_time": "2021-09-28T14:50:26.950Z", "user": 73, "content_type": 12, "object_id": "118", "object_repr": "Marks object (118)", "action_flag": 3, "change_message": ""}}, {"model": "admin.logentry", "pk": 321, "fields": {"action_time": "2021-09-28T14:50:26.952Z", "user": 73, "content_type": 12, "object_id": "119", "object_repr": "Marks object (119)", "action_flag": 3, "change_message": ""}}, {"model": "admin.logentry", "pk": 322, "fields": {"action_time": "2021-09-28T14:50:26.954Z", "user": 73, "content_type": 12, "object_id": "120", "object_repr": "Marks object (120)", "action_flag": 3, "change_message": ""}}, {"model": "admin.logentry", "pk": 323, "fields": {"action_time": "2021-09-28T14:50:26.956Z", "user": 73, "content_type": 12, "object_id": "121", "object_repr": "Marks object (121)", "action_flag": 3, "change_message": ""}}, {"model": "admin.logentry", "pk": 324, "fields": {"action_time": "2021-09-28T14:50:26.957Z", "user": 73, "content_type": 12, "object_id": "122", "object_repr": "Marks object (122)", "action_flag": 3, "change_message": ""}}, {"model": "admin.logentry", "pk": 325, "fields": {"action_time": "2021-09-28T14:50:26.959Z", "user": 73, "content_type": 12, "object_id": "123", "object_repr": "Marks object (123)", "action_flag": 3, "change_message": ""}}, {"model": "admin.logentry", "pk": 326, "fields": {"action_time": "2021-09-28T14:50:26.960Z", "user": 73, "content_type": 12, "object_id": "124", "object_repr": "Marks object (124)", "action_flag": 3, "change_message": ""}}, {"model": "sessions.session", "pk": "0d7ar925jie1kkbwot7eyewz2rqp6a28", "fields": {"session_data": ".eJxVjEEOwiAQAP_C2RDapbB49N43NLuwSNW0SWlPxr8bkh70OjOZt5ro2Mt0VNmmOamr8qAuv5ApPmVpJj1oua86rsu-zaxbok9b9bgmed3O9m9QqJb2dQay526wAX0ItrfInXSA1EeDg3WJKaMnEIMAGClb413ow8BRrAH1-QLZFTb8:1mUDOV:H1u94bk808TTtH0WRF3wR8uJ3eayhjB7hh4gkgeLt6A", "expire_date": "2021-10-09T19:31:31.615Z"}}, {"model": "accounts.user", "pk": 1, "fields": {"uid": "8151", "password": "pbkdf2_sha256$260000$Ah6zbuwfxf7SZOSkbGZp4C$Vcwsi5PJ+gqdFkrFbvTv5HutCjHVjtjzmyaNjxviiWU=", "role": 2, "email": "vardajain17@gmail.com", "otp": null, "is_staff": false, "is_superuser": false, "is_admin": false, "is_active": true, "date_joined": "2021-09-25T19:29:25.135Z", "last_login": "2021-09-25T19:29:25.205Z"}}, {"model": "accounts.user", "pk": 2, "fields": {"uid": "8152", "password": "pbkdf2_sha256$260000$OXwgQeluqmoOb1zpgh235O$Ooodtt2H0Yy+13HqsWKStwPUsUQmFLo4Y4TLSv1CXOQ=", "role": 2, "email": "harshitjaiswal03082001@gmail.com", "otp": null, "is_staff": false, "is_superuser": false, "is_admin": false, "is_active": true, "date_joined": "2021-09-25T19:29:25.642Z", "last_login": "2021-09-25T19:29:25.644Z"}}, {"model": "accounts.user", "pk": 3, "fields": {"uid": "8153", "password": "pbkdf2_sha256$260000$yc5fLm7Fgf0YArUvz12fi0$19sOBgp3nr9SlQ82HwktTVK+mMqtj0SJ/e14EuXL2gM=", "role": 2, "email": "monikajoshimj1@gmail.com", "otp": null, "is_staff": false, "is_superuser": false, "is_admin": false, "is_active": true, "date_joined": "2021-09-25T19:29:25.964Z", "last_login": "2021-09-25T19:29:25.967Z"}}, {"model": "accounts.user", "pk": 4, "fields": {"uid": "8155", "password": "pbkdf2_sha256$260000$XoShE4bunvukbCbCIbDxvI$shYR67QstxERjk8mBRDVHpihwALujpn/vplBd0+uvd4=", "role": 2, "email": "himanshugirigoswami644@gmail.com", "otp": null, "is_staff": false, "is_superuser": false, "is_admin": false, "is_active": true, "date_joined": "2021-09-25T19:29:26.239Z", "last_login": "2021-09-25T19:29:26.242Z"}}, {"model": "accounts.user", "pk": 5, "fields": {"uid": "8156", "password": "pbkdf2_sha256$260000$IbBh5jpeiRIMYSQAyNyFTO$Hd8rp6P/5XxRCmd/j8VF6N4ChgNKYdUkn/w2Fr2HPos=", "role": 2, "email": "chahatbudhiraja96@gmail.com", "otp": null, "is_staff": false, "is_superuser": false, "is_admin": false, "is_active": true, "date_joined": "2021-09-25T19:29:26.592Z", "last_login": "2021-09-25T19:29:26.594Z"}}, {"model": "accounts.user", "pk": 6, "fields": {"uid": "8157", "password": "pbkdf2_sha256$260000$2D7z8ExuilBLXL2aJJkfyt$fpP31yTWb+4zeiXpXX1/P48ydkdPpYyzC2qXd1CtSf4=", "role": 2, "email": "priyanka.davps1008@gmail.com", "otp": null, "is_staff": false, "is_superuser": false, "is_admin": false, "is_active": true, "date_joined": "2021-09-25T19:29:26.919Z", "last_login": "2021-09-25T19:29:26.922Z"}}, {"model": "accounts.user", "pk": 7, "fields": {"uid": "8158", "password": "pbkdf2_sha256$260000$NQcABNYg8ffXLGFz5n47lZ$Y515dint7d/qBGF9j40Ur7nkGJnOj69mqzB3GpzYAlU=", "role": 2, "email": "chandubabloo42@gmail.com", "otp": null, "is_staff": false, "is_superuser": false, "is_admin": false, "is_active": true, "date_joined": "2021-09-25T19:29:27.288Z", "last_login": "2021-09-25T19:29:27.290Z"}}, {"model": "accounts.user", "pk": 8, "fields": {"uid": "8162", "password": "pbkdf2_sha256$260000$adO8VePT6KpMocRuspSbpl$fEVyxoD6Spri67d48OtceRmUCNygtH/Szp5u+jlV+IU=", "role": 2, "email": "yadavbenika7@gmail.com", "otp": null, "is_staff": false, "is_superuser": false, "is_admin": false, "is_active": true, "date_joined": "2021-09-25T19:29:27.838Z", "last_login": "2021-09-25T19:29:27.841Z"}}, {"model": "accounts.user", "pk": 9, "fields": {"uid": "8163", "password": "pbkdf2_sha256$260000$pPcJnLioD0YCeh5v9W1HeC$OP+Ew3uc6rDHEpv7rupFebVEvq3n19fmosM08SDGbIQ=", "role": 2, "email": "aryanrautelachutput@gmail.com", "otp": null, "is_staff": false, "is_superuser": false, "is_admin": false, "is_active": true, "date_joined": "2021-09-25T19:29:28.149Z", "last_login": "2021-09-25T19:29:28.152Z"}}, {"model": "accounts.user", "pk": 10, "fields": {"uid": "8164", "password": "pbkdf2_sha256$260000$e0HJaB0fuFsKYvhOZ4Tzvv$NchtR9GaOg5f3/8zsUm4dBe5/msUZzFz9dxxpyUr3HI=", "role": 2, "email": "cosmoslens@gmail.com", "otp": null, "is_staff": false, "is_superuser": false, "is_admin": false, "is_active": true, "date_joined": "2021-09-25T19:29:28.455Z", "last_login": "2021-09-25T19:29:28.457Z"}}, {"model": "accounts.user", "pk": 11, "fields": {"uid": "8165", "password": "pbkdf2_sha256$260000$l9bVuUoUGMhNxtsqvunr4h$6Ocx5b9/GbHUUo+1YHSM2/gQP04rAq2s7iDRivfoXNI=", "role": 2, "email": "abhisheksri421@gmail.com", "otp": null, "is_staff": false, "is_superuser": false, "is_admin": false, "is_active": true, "date_joined": "2021-09-25T19:29:28.805Z", "last_login": "2021-09-25T19:29:28.806Z"}}, {"model": "accounts.user", "pk": 12, "fields": {"uid": "8166", "password": "pbkdf2_sha256$260000$dNAcs1Ee4rwmVwYlNX2RK3$MCR69pOuWp6drNiDZNGR4aXXFrMtCtiSY5nQeuuBf9A=", "role": 2, "email": "bhavyaag2001@gmail.com", "otp": null, "is_staff": false, "is_superuser": false, "is_admin": false, "is_active": true, "date_joined": "2021-09-25T19:29:29.108Z", "last_login": "2021-09-25T19:29:29.110Z"}}, {"model": "accounts.user", "pk": 13, "fields": {"uid": "8167", "password": "pbkdf2_sha256$260000$ov074eEJbV7xjfsvVHqH10$R03p7Yw6wD0Ya+UPhlWf9ZfBYRPbID4cVIu0WH5qeso=", "role": 2, "email": "anushkabahugunaa@gmail.com", "otp": null, "is_staff": false, "is_superuser": false, "is_admin": false, "is_active": true, "date_joined": "2021-09-25T19:29:29.465Z", "last_login": "2021-09-25T19:29:29.468Z"}}, {"model": "accounts.user", "pk": 14, "fields": {"uid": "8168", "password": "pbkdf2_sha256$260000$Wdeo8wcHiUYqTvCnsae0JQ$HLN0v/V8bEetYqXJMSkuWrZH8IsIgMRIFU7ZOfNnKfs=", "role": 2, "email": "mayankagarwal220322@gmail.com", "otp": null, "is_staff": false, "is_superuser": false, "is_admin": false, "is_active": true, "date_joined": "2021-09-25T19:29:29.803Z", "last_login": "2021-09-25T19:29:29.805Z"}}, {"model": "accounts.user", "pk": 15, "fields": {"uid": "8169", "password": "pbkdf2_sha256$260000$uZmSvNCnFH8dbipP4OMFN9$NlunQ32o+fzm/pC261FEUIm5pYW1DNtxBkG/biBZGas=", "role": 2, "email": "10harshawasthi@gmail.com", "otp": null, "is_staff": false, "is_superuser": false, "is_admin": false, "is_active": true, "date_joined": "2021-09-25T19:29:30.125Z", "last_login": "2021-09-25T19:29:30.127Z"}}, {"model": "accounts.user", "pk": 16, "fields": {"uid": "8172", "password": "pbkdf2_sha256$260000$a79udiGcVUTEd1aiWhMxQa$GR7IURF9C/BzKyYBfjAbBviuFAO27S3TjZTp67Xjf3U=", "role": 2, "email": "pardyumyadav@gmail.com", "otp": null, "is_staff": false, "is_superuser": false, "is_admin": false, "is_active": true, "date_joined": "2021-09-25T19:29:30.514Z", "last_login": "2021-09-25T19:29:30.518Z"}}, {"model": "accounts.user", "pk": 17, "fields": {"uid": "8173", "password": "pbkdf2_sha256$260000$stdk1owFeipDzLwcYbfL0y$VsiGElloVmWTZW65qsEjA0Y0MUpgf4fUCV18RVUGG94=", "role": 2, "email": "chandramaheshyaka@gmail.com", "otp": null, "is_staff": false, "is_superuser": false, "is_admin": false, "is_active": true, "date_joined": "2021-09-25T19:29:30.963Z", "last_login": "2021-09-25T19:29:30.966Z"}}, {"model": "accounts.user", "pk": 18, "fields": {"uid": "8174", "password": "pbkdf2_sha256$260000$QMusic71sKeYVNODWJeJat$YZ8Tq8JfU9XauvQ2CNLwOVwvXdmM3EOh9k5xuIBIOng=", "role": 2, "email": "thiru988877@gmail.com", "otp": null, "is_staff": false, "is_superuser": false, "is_admin": false, "is_active": true, "date_joined": "2021-09-25T19:29:31.270Z", "last_login": "2021-09-25T19:29:31.273Z"}}, {"model": "accounts.user", "pk": 19, "fields": {"uid": "8175", "password": "pbkdf2_sha256$260000$bcKIhwFcl3PYrXejEqzZto$rq5U6wdtwlQPpOam5+pUvtDsIUhSRFnR1vhtUaDnpes=", "role": 2, "email": "narendrakomaram2000@gmail.com", "otp": null, "is_staff": false, "is_superuser": false, "is_admin": false, "is_active": true, "date_joined": "2021-09-25T19:29:31.650Z", "last_login": "2021-09-25T19:29:31.653Z"}}, {"model": "accounts.user", "pk": 20, "fields": {"uid": "8176", "password": "pbkdf2_sha256$260000$O4515OKZvz2DV4T72knkAO$2V6QQ1AoRJ9FZHR3xUukxmdwQ0D6gnOKu3nQ20XAhA0=", "role": 2, "email": "shukramkalumu174@gmail.com", "otp": null, "is_staff": false, "is_superuser": false, "is_admin": false, "is_active": true, "date_joined": "2021-09-25T19:29:32.052Z", "last_login": "2021-09-25T19:29:32.055Z"}}, {"model": "accounts.user", "pk": 21, "fields": {"uid": "8177", "password": "pbkdf2_sha256$260000$0nPrWdEPlkuNfYI6Z5Trq0$Ysn38aM2HiEFiLh/y85MpGtC87pyqenCWdxmO4FbMps=", "role": 2, "email": "sripad183@gmail.com", "otp": null, "is_staff": false, "is_superuser": false, "is_admin": false, "is_active": true, "date_joined": "2021-09-25T19:29:32.394Z", "last_login": "2021-09-25T19:29:32.397Z"}}, {"model": "accounts.user", "pk": 22, "fields": {"uid": "8178", "password": "pbkdf2_sha256$260000$14cuFxOjntr9ZD1CY8936a$M52eZVF849fAk3RKH9KdzpXPIszFNR/fKRC77O69LxU=", "role": 2, "email": "maheshgandham500@gmail.com", "otp": null, "is_staff": false, "is_superuser": false, "is_admin": false, "is_active": true, "date_joined": "2021-09-25T19:29:32.727Z", "last_login": "2021-09-25T19:29:32.731Z"}}, {"model": "accounts.user", "pk": 23, "fields": {"uid": "8179", "password": "pbkdf2_sha256$260000$3E5S4mdhi8buQOtYsugVtB$Z43fGbYIA8u1tlkVXPCk8+JMm62gaeSSPFTSZjlScec=", "role": 2, "email": "khush.jmk@gmail.com", "otp": null, "is_staff": false, "is_superuser": false, "is_admin": false, "is_active": true, "date_joined": "2021-09-25T19:29:33.007Z", "last_login": "2021-09-27T05:40:14.468Z"}}, {"model": "accounts.user", "pk": 24, "fields": {"uid": "8180", "password": "pbkdf2_sha256$260000$2KASWBBN9NFqELzvMUjDJu$4OrUJxRxeWt6pkRlLujhKQ4vcSlZH9lrVNIBxFhL/Cw=", "role": 2, "email": "aakriti20sbi@gmail.com", "otp": null, "is_staff": false, "is_superuser": false, "is_admin": false, "is_active": true, "date_joined": "2021-09-25T19:29:33.291Z", "last_login": "2021-09-25T19:29:33.293Z"}}, {"model": "accounts.user", "pk": 25, "fields": {"uid": "8181", "password": "pbkdf2_sha256$260000$OQxuNE1oD53Geu51k6tVVM$Q/O36OC4M8zioC8xHiSWPIcYZmwied+IuUh7MXTwJn8=", "role": 2, "email": "jasjaapdua13@gmail.com", "otp": null, "is_staff": false, "is_superuser": false, "is_admin": false, "is_active": true, "date_joined": "2021-09-25T19:29:33.802Z", "last_login": "2021-09-25T19:29:33.804Z"}}, {"model": "accounts.user", "pk": 26, "fields": {"uid": "8182", "password": "pbkdf2_sha256$260000$LNdUvOhdtoScsLnEvb2zbD$AuaflF8xJzV23gASJ0lhikrOq+RVLSkAU12X7qKgQx8=", "role": 2, "email": "ajay1146139@gmail.com", "otp": null, "is_staff": false, "is_superuser": false, "is_admin": false, "is_active": true, "date_joined": "2021-09-25T19:29:34.088Z", "last_login": "2021-09-25T19:29:34.090Z"}}, {"model": "accounts.user", "pk": 27, "fields": {"uid": "8184", "password": "pbkdf2_sha256$260000$YiJvXR7OBYGWSgsbe6AWKj$K+glccw/fnjSDPOU4fV3l+i0mdy51w/ZXKd+yqOeKGs=", "role": 2, "email": "muskaantalat7@gmail.com", "otp": null, "is_staff": false, "is_superuser": false, "is_admin": false, "is_active": true, "date_joined": "2021-09-25T19:29:34.365Z", "last_login": "2021-09-25T19:29:34.368Z"}}, {"model": "accounts.user", "pk": 28, "fields": {"uid": "8185", "password": "pbkdf2_sha256$260000$Lc7S3QU4wBa2A1mMe5efIL$cB+Qp9WeEwHWIASxZSspSpXw3isaGR2KFwkgcrAqqw0=", "role": 2, "email": "mukeshhhkumar7@gmail.com", "otp": null, "is_staff": false, "is_superuser": false, "is_admin": false, "is_active": true, "date_joined": "2021-09-25T19:29:34.717Z", "last_login": "2021-09-25T19:29:34.720Z"}}, {"model": "accounts.user", "pk": 29, "fields": {"uid": "8186", "password": "pbkdf2_sha256$260000$4oVlGPRa4JOZK1xCxyD8L0$07s1kclIvJvoJ48g3i11NlxRYcWr3ot9VCNbncEmK0g=", "role": 2, "email": "chethanreddy.akkati123@gmail.com", "otp": null, "is_staff": false, "is_superuser": false, "is_admin": false, "is_active": true, "date_joined": "2021-09-25T19:29:35.042Z", "last_login": "2021-09-25T19:29:35.044Z"}}, {"model": "accounts.user", "pk": 30, "fields": {"uid": "8187", "password": "pbkdf2_sha256$260000$RM4uj1LBdMAY2zw9Sz6s6I$UvgVzL/XmfdQFRFpqjTdBpYcXMhq6B5riI3oOvb3oeI=", "role": 2, "email": "smya13.gangwar@gmail.com", "otp": null, "is_staff": false, "is_superuser": false, "is_admin": false, "is_active": true, "date_joined": "2021-09-25T19:29:35.318Z", "last_login": "2021-09-25T19:29:35.321Z"}}, {"model": "accounts.user", "pk": 31, "fields": {"uid": "8188", "password": "pbkdf2_sha256$260000$zSRxGD5LEX43wGy92KRwJE$l+YnIlNJe4Ll1sRtaPzXy2Dyt/+qo4ph0akcMfXnGY8=", "role": 2, "email": "jaswindersingh243601@gmail.com", "otp": null, "is_staff": false, "is_superuser": false, "is_admin": false, "is_active": true, "date_joined": "2021-09-25T19:29:35.687Z", "last_login": "2021-09-25T19:29:35.690Z"}}, {"model": "accounts.user", "pk": 32, "fields": {"uid": "8189", "password": "pbkdf2_sha256$260000$8ZlCWFKn8A8oWDxPIjJBMm$uMcHuD6SLA+0d52q1ONE5s0xUmVoEf5kv8w6yBn+pn8=", "role": 2, "email": "daminipatel.2207@gmail.com", "otp": null, "is_staff": false, "is_superuser": false, "is_admin": false, "is_active": true, "date_joined": "2021-09-25T19:29:35.956Z", "last_login": "2021-09-25T19:29:35.959Z"}}, {"model": "accounts.user", "pk": 33, "fields": {"uid": "8191", "password": "pbkdf2_sha256$260000$Dicq6dstFCfa4gYLRVqH0m$9EWW4Q1jdI518tcu0PzkymWTa1wnPTwbg6edJhwY9pY=", "role": 2, "email": "pavanmulkalla222@gmail.com", "otp": null, "is_staff": false, "is_superuser": false, "is_admin": false, "is_active": true, "date_joined": "2021-09-25T19:29:36.334Z", "last_login": "2021-09-25T19:29:36.337Z"}}, {"model": "accounts.user", "pk": 34, "fields": {"uid": "8193", "password": "pbkdf2_sha256$260000$E9RgWOfCEUnGMYCSsI3b3r$s5dnq6Hro2QBmGuBXmr8JowK1CsLER8g5ck7s/rbAFs=", "role": 2, "email": "himanshu807736@gmail.com", "otp": null, "is_staff": false, "is_superuser": false, "is_admin": false, "is_active": true, "date_joined": "2021-09-25T19:29:36.683Z", "last_login": "2021-09-25T19:29:36.686Z"}}, {"model": "accounts.user", "pk": 35, "fields": {"uid": "8194", "password": "pbkdf2_sha256$260000$Dp8bYu24yjBpghdaNR3NIv$5tyC3VJy63dyvMRLANelRIEzVP9zO/WVwTzzJXYONwY=", "role": 2, "email": "deepanshuverma067@gmail.com", "otp": null, "is_staff": false, "is_superuser": false, "is_admin": false, "is_active": true, "date_joined": "2021-09-25T19:29:36.959Z", "last_login": "2021-09-25T19:29:36.961Z"}}, {"model": "accounts.user", "pk": 36, "fields": {"uid": "8195", "password": "pbkdf2_sha256$260000$05LVsRp7VDb1oqdygPgViL$ZSdWlW7PsOxJ8YWNDSwFEaTt0rSnVqkNEkY9qPWnzEk=", "role": 2, "email": "acubesaquib@gmail.com", "otp": null, "is_staff": false, "is_superuser": false, "is_admin": false, "is_active": true, "date_joined": "2021-09-25T19:29:37.244Z", "last_login": "2021-09-25T19:29:37.247Z"}}, {"model": "accounts.user", "pk": 37, "fields": {"uid": "8196", "password": "pbkdf2_sha256$260000$FROjIeZmwl05c0NbmMtFUm$LorCpVgLCrsDly487YCLDyyIq0ra8+kOP/YPCpguy7s=", "role": 2, "email": "tanveer.ta300@gmail.com", "otp": null, "is_staff": false, "is_superuser": false, "is_admin": false, "is_active": true, "date_joined": "2021-09-25T19:29:37.735Z", "last_login": "2021-09-25T19:29:37.737Z"}}, {"model": "accounts.user", "pk": 38, "fields": {"uid": "8198", "password": "pbkdf2_sha256$260000$8lFDbuQRb7Zopj4zCXMBYJ$N9HtdUIFHFk25FYz3SFdk9EG4PZsezYavAs7qhOtbGU=", "role": 2, "email": "jahanveegarg2701@gmail.com", "otp": null, "is_staff": false, "is_superuser": false, "is_admin": false, "is_active": true, "date_joined": "2021-09-25T19:29:38.027Z", "last_login": "2021-09-25T19:29:38.032Z"}}, {"model": "accounts.user", "pk": 39, "fields": {"uid": "8199", "password": "pbkdf2_sha256$260000$yOqW1seTmOXyxhaomPeFEK$q0k8viaNVtSb5a9DwrVWc0ICTHzL+Q1dNRXZIVhD8XU=", "role": 2, "email": "sanusha1205@gmail.com", "otp": null, "is_staff": false, "is_superuser": false, "is_admin": false, "is_active": true, "date_joined": "2021-09-25T19:29:38.304Z", "last_login": "2021-09-25T19:29:38.306Z"}}, {"model": "accounts.user", "pk": 40, "fields": {"uid": "8200", "password": "pbkdf2_sha256$260000$bRu8cPmleAZJOg6gYbHY8B$W+2FQEAuVwqvizsk8Zpl53+ytjjPFcp9UILZXFTytaY=", "role": 2, "email": "deepakkumar12022001@gmail.com", "otp": null, "is_staff": false, "is_superuser": false, "is_admin": false, "is_active": true, "date_joined": "2021-09-25T19:29:38.666Z", "last_login": "2021-09-25T19:29:38.668Z"}}, {"model": "accounts.user", "pk": 41, "fields": {"uid": "8201", "password": "pbkdf2_sha256$260000$iiR09VanyecfhZ0zEySHNh$9KNmfnafS0k6+uOqnklyN34OhKeyDmAxDmKKhzp6ZtA=", "role": 2, "email": "uttu123a@gmail.com", "otp": null, "is_staff": false, "is_superuser": false, "is_admin": false, "is_active": true, "date_joined": "2021-09-25T19:29:39.005Z", "last_login": "2021-09-25T19:29:39.008Z"}}, {"model": "accounts.user", "pk": 42, "fields": {"uid": "8203", "password": "pbkdf2_sha256$260000$JxFqF1BsT4jefQ2REpgGEq$cOkkqG/PWzXIsx67xyAkqQ9K28zGxk+kQHHe7C5aoAk=", "role": 2, "email": "admirablearavind@gmail.com", "otp": null, "is_staff": false, "is_superuser": false, "is_admin": false, "is_active": true, "date_joined": "2021-09-25T19:29:39.299Z", "last_login": "2021-09-25T19:29:39.302Z"}}, {"model": "accounts.user", "pk": 43, "fields": {"uid": "8204", "password": "pbkdf2_sha256$260000$oK8kH7UzP6td5H6KQWVILJ$1R3EXJgijw8xq7fOnWCWJUCNYhNSn/trdw9yr0pUQKI=", "role": 2, "email": "dsanjna24@gmail.com", "otp": null, "is_staff": false, "is_superuser": false, "is_admin": false, "is_active": true, "date_joined": "2021-09-25T19:29:39.645Z", "last_login": "2021-09-25T19:29:39.649Z"}}, {"model": "accounts.user", "pk": 44, "fields": {"uid": "8205", "password": "pbkdf2_sha256$260000$hrAJnTlPgr2jd7R5tocXFy$RoBA7SpsoTYan9BVkfsoeNVXZVhpjQ08q5yKb/KXaXw=", "role": 2, "email": "vaibhavsinghal17.10.2000@gmail.com", "otp": null, "is_staff": false, "is_superuser": false, "is_admin": false, "is_active": true, "date_joined": "2021-09-25T19:29:39.919Z", "last_login": "2021-09-25T19:29:39.921Z"}}, {"model": "accounts.user", "pk": 45, "fields": {"uid": "8207", "password": "pbkdf2_sha256$260000$0vTfQQ42YJqWuMqVCh1QF8$3QGjeOPJl1ErkfdOKX674HvcuNAz2eqGk+lL8va6OZE=", "role": 2, "email": "ypsingh393.0@gmail.com", "otp": null, "is_staff": false, "is_superuser": false, "is_admin": false, "is_active": true, "date_joined": "2021-09-25T19:29:40.255Z", "last_login": "2021-09-25T19:29:40.258Z"}}, {"model": "accounts.user", "pk": 46, "fields": {"uid": "8208", "password": "pbkdf2_sha256$260000$xXBwIFq5A5Ujh4yh4AHnVl$QEXwbWz9hl2ad8p36eKvXxlpRmFxP2820lix1ihBsjU=", "role": 2, "email": "thapliyal.utkarsh10@gmail.com", "otp": null, "is_staff": false, "is_superuser": false, "is_admin": false, "is_active": true, "date_joined": "2021-09-25T19:29:40.757Z", "last_login": "2021-09-25T19:29:40.760Z"}}, {"model": "accounts.user", "pk": 47, "fields": {"uid": "8209", "password": "pbkdf2_sha256$260000$cTmAejudsL7VnWeUCIHnD0$m0SJq//9yvNhxzkJu7WlRg6YfXMV2SNW4fX3K8kU364=", "role": 2, "email": "ishikabhardwaj7601@gmail.com", "otp": null, "is_staff": false, "is_superuser": false, "is_admin": false, "is_active": true, "date_joined": "2021-09-25T19:29:41.040Z", "last_login": "2021-09-25T19:29:41.043Z"}}, {"model": "accounts.user", "pk": 48, "fields": {"uid": "8210", "password": "pbkdf2_sha256$260000$NahA9zSaEeN8iAa66zaJKT$I+f7fiQTsT52X9XJrljvRdFTWuMit7Dn5tIRtoMSxJ0=", "role": 2, "email": "hariseppriya@gmail.com", "otp": null, "is_staff": false, "is_superuser": false, "is_admin": false, "is_active": true, "date_joined": "2021-09-25T19:29:41.314Z", "last_login": "2021-09-25T19:29:41.317Z"}}, {"model": "accounts.user", "pk": 49, "fields": {"uid": "8211", "password": "pbkdf2_sha256$260000$r3UMuHM4DqgYq32d7tdVBy$8onWVSWJPZBYBiLCdKJGQnVHWf2Go8i1s5fuHWIz79g=", "role": 2, "email": "www.nj112449@gmail.com", "otp": null, "is_staff": false, "is_superuser": false, "is_admin": false, "is_active": true, "date_joined": "2021-09-25T19:29:41.686Z", "last_login": "2021-09-25T19:29:41.689Z"}}, {"model": "accounts.user", "pk": 50, "fields": {"uid": "8212", "password": "pbkdf2_sha256$260000$FFBQriyT62OOY89bh8LuQe$Eic8n0ld5jFQgACPFt8SrLD2h5IHz8QBMvreJVvp14M=", "role": 2, "email": "abhishektyagi.abhi@gmail.com", "otp": null, "is_staff": false, "is_superuser": false, "is_admin": false, "is_active": true, "date_joined": "2021-09-25T19:29:41.976Z", "last_login": "2021-09-25T19:29:41.978Z"}}, {"model": "accounts.user", "pk": 51, "fields": {"uid": "8213", "password": "pbkdf2_sha256$260000$R58ZYR7ShEjOz1mME1QbGd$qcJwRHoDJKOt6SwBxtRHeXOiBD2V+1uY+tcwUVcwc6A=", "role": 2, "email": "souravatri16@gmail.com", "otp": null, "is_staff": false, "is_superuser": false, "is_admin": false, "is_active": true, "date_joined": "2021-09-25T19:29:42.233Z", "last_login": "2021-09-25T19:29:42.236Z"}}, {"model": "accounts.user", "pk": 52, "fields": {"uid": "8215", "password": "pbkdf2_sha256$260000$ppkXsrDTwWBc74DysbXI9j$BaE1zgTazCesWf4cQRX5QyfdpBU/zJ4tKaW+1quUE8k=", "role": 2, "email": "shubhchandra02@gmail.com", "otp": null, "is_staff": false, "is_superuser": false, "is_admin": false, "is_active": true, "date_joined": "2021-09-25T19:29:42.740Z", "last_login": "2021-09-25T19:29:42.743Z"}}, {"model": "accounts.user", "pk": 53, "fields": {"uid": "8216", "password": "pbkdf2_sha256$260000$W0tQqsENHWCT42gVT4FKDg$QUHby/3w1G27MtCEFoveNbUBtfauJJtucMqndMJjwes=", "role": 2, "email": "himanshukala526@gmail.com", "otp": null, "is_staff": false, "is_superuser": false, "is_admin": false, "is_active": true, "date_joined": "2021-09-25T19:29:43.050Z", "last_login": "2021-09-25T19:29:43.054Z"}}, {"model": "accounts.user", "pk": 54, "fields": {"uid": "8217", "password": "pbkdf2_sha256$260000$Bcvm3p6jzfG5TELo68Q7ip$PCSsVb5KuIHG4c8HR9WUOWb4KtMepRp0H833z+V3dI8=", "role": 2, "email": "nancytayal2001@gmail.com", "otp": null, "is_staff": false, "is_superuser": false, "is_admin": false, "is_active": true, "date_joined": "2021-09-25T19:29:43.317Z", "last_login": "2021-09-25T19:29:43.320Z"}}, {"model": "accounts.user", "pk": 55, "fields": {"uid": "8218", "password": "pbkdf2_sha256$260000$huIaNUQrwtd9HXYYJWsocS$IYkCUz5er5O8rMMeKL3pO97vYLuOOIH7KKRvC+0GthY=", "role": 2, "email": "rishikachopra21@gmail.com", "otp": null, "is_staff": false, "is_superuser": false, "is_admin": false, "is_active": true, "date_joined": "2021-09-25T19:29:43.705Z", "last_login": "2021-09-25T19:29:43.707Z"}}, {"model": "accounts.user", "pk": 56, "fields": {"uid": "8219", "password": "pbkdf2_sha256$260000$wviy7rdlKX3KvCYbNffQds$5fPY1NsHx4LJDCquoyyeUx9aKo+U/lv193jKpNEHilE=", "role": 2, "email": "thakurayush5358@gmail.com", "otp": null, "is_staff": false, "is_superuser": false, "is_admin": false, "is_active": true, "date_joined": "2021-09-25T19:29:43.958Z", "last_login": "2021-09-25T19:29:43.961Z"}}, {"model": "accounts.user", "pk": 57, "fields": {"uid": "8220", "password": "pbkdf2_sha256$260000$D2tgXEoid4CNpRIbHr9ock$CAq0g5lbJ8JVdc7CF1PxIcQKqviGwUEf/DDL38LQ17g=", "role": 2, "email": "shreyan09062001@gmail.com", "otp": null, "is_staff": false, "is_superuser": false, "is_admin": false, "is_active": true, "date_joined": "2021-09-25T19:29:44.256Z", "last_login": "2021-09-25T19:29:44.259Z"}}, {"model": "accounts.user", "pk": 58, "fields": {"uid": "8221", "password": "pbkdf2_sha256$260000$wlIneZSe3fpWw65EIpPEP2$TCCYURN/LRxDjrmGN5TtGiG3Cz01f6o2/sZj6/b3H3s=", "role": 2, "email": "aanshgupta23@gmail.com", "otp": null, "is_staff": false, "is_superuser": false, "is_admin": false, "is_active": true, "date_joined": "2021-09-25T19:29:44.643Z", "last_login": "2021-09-25T19:29:44.645Z"}}, {"model": "accounts.user", "pk": 59, "fields": {"uid": "8222", "password": "pbkdf2_sha256$260000$75p8vo4XYQHpw5cPbaFpGE$vBPjGha0SYTVZJGDPfeMRFg/ubMIbELcUR3vxZK7OuI=", "role": 2, "email": "sreejithcj2001@gmail.com", "otp": null, "is_staff": false, "is_superuser": false, "is_admin": false, "is_active": true, "date_joined": "2021-09-25T19:29:44.898Z", "last_login": "2021-09-25T19:29:44.900Z"}}, {"model": "accounts.user", "pk": 60, "fields": {"uid": "8223", "password": "pbkdf2_sha256$260000$2UowDLtHAuckSZteroqBNh$jVeb7JwNwawea69OA3gOx3S7i1TsgBevv/CzqUEIVqk=", "role": 2, "email": "sneha46749@gmail.com", "otp": null, "is_staff": false, "is_superuser": false, "is_admin": false, "is_active": true, "date_joined": "2021-09-25T19:29:45.166Z", "last_login": "2021-09-25T19:29:45.167Z"}}, {"model": "accounts.user", "pk": 61, "fields": {"uid": "8224", "password": "pbkdf2_sha256$260000$XI4sck8DEBAeszT4wdwwsp$4QNQs5HkuX62mPHR0ehsRZvOjKx7HfWopMcdsAJvbyk=", "role": 2, "email": "srinibasmishra06@gmail.com", "otp": null, "is_staff": false, "is_superuser": false, "is_admin": false, "is_active": true, "date_joined": "2021-09-25T19:29:45.474Z", "last_login": "2021-09-25T19:29:45.481Z"}}, {"model": "accounts.user", "pk": 62, "fields": {"uid": "8225", "password": "pbkdf2_sha256$260000$N9GyH34eKvhet6FDerwwv5$xqCzkOfaVDYmeT8Yqj0tGPMLPyIcHM8wvfkNXMNlWwU=", "role": 2, "email": "zhenghaohu10@gmail.com", "otp": null, "is_staff": false, "is_superuser": false, "is_admin": false, "is_active": true, "date_joined": "2021-09-25T19:29:45.867Z", "last_login": "2021-09-25T19:29:45.870Z"}}, {"model": "accounts.user", "pk": 63, "fields": {"uid": "12221", "password": "pbkdf2_sha256$260000$lwCpEsMY1c1pphuVl9PUJk$UBtYEJFA0FgknN6k53NI/hx7wHXFDWPTAAywXIkWRXk=", "role": 1, "email": "Sanjaybatra9@gmail.com ", "otp": null, "is_staff": false, "is_superuser": false, "is_admin": false, "is_active": true, "date_joined": "2021-09-25T19:29:46.133Z", "last_login": "2021-09-25T19:29:46.135Z"}}, {"model": "accounts.user", "pk": 64, "fields": {"uid": "12222", "password": "pbkdf2_sha256$260000$oi31WiByPWwaSpVtofYXlc$Ho/gy5a7FNXJkhEDs1smbzkUCDUdb/QKGY+YL/6fKcc=", "role": 1, "email": "hkaur@hrc.du.ac.in", "otp": null, "is_staff": false, "is_superuser": false, "is_admin": false, "is_active": true, "date_joined": "2021-09-25T19:29:46.416Z", "last_login": "2021-09-25T19:29:46.419Z"}}, {"model": "accounts.user", "pk": 65, "fields": {"uid": "12223", "password": "pbkdf2_sha256$260000$vgoO7zoN7J7wkkIgr54zCf$Dr9RBnX8CdipE2GVgJGgOgWRPEyO9sq7voXEaDJyyvc=", "role": 1, "email": "baljeetkaur@hrc.du.ac.in", "otp": null, "is_staff": false, "is_superuser": false, "is_admin": false, "is_active": true, "date_joined": "2021-09-25T19:29:46.778Z", "last_login": "2021-09-25T19:29:46.780Z"}}, {"model": "accounts.user", "pk": 66, "fields": {"uid": "12224", "password": "pbkdf2_sha256$260000$30emG9JeiQOADGGysnj5NW$2Eo9s9eZ2lcJEI/B3xrGmf+6eK4FNf2cATm+yx3+hJg=", "role": 1, "email": "manoj.agarwal@hrc.du.ac.in ", "otp": null, "is_staff": false, "is_superuser": false, "is_admin": false, "is_active": true, "date_joined": "2021-09-25T19:29:47.093Z", "last_login": "2021-09-25T19:29:47.095Z"}}, {"model": "accounts.user", "pk": 67, "fields": {"uid": "12225", "password": "pbkdf2_sha256$260000$GCUHKyv37DpJboqLC04A1g$Bnm+xuS+wbUXphC/52Bqku1YNSG/cpQy70BWZaUQWqE=", "role": 1, "email": "sunita@hrc.du.ac.in ", "otp": null, "is_staff": false, "is_superuser": false, "is_admin": false, "is_active": true, "date_joined": "2021-09-25T19:29:47.408Z", "last_login": "2021-09-25T19:29:47.411Z"}}, {"model": "accounts.user", "pk": 68, "fields": {"uid": "12226", "password": "pbkdf2_sha256$260000$svcgkXUimVDqzsq69xbd6E$T5mKG/I0hH0SEzNKTdXyBU2tUYBPcfwFcVXpbj4d8Ps=", "role": 1, "email": "alka@hrc.du.ac.in", "otp": null, "is_staff": false, "is_superuser": false, "is_admin": false, "is_active": true, "date_joined": "2021-09-25T19:29:47.717Z", "last_login": "2021-09-25T19:29:47.720Z"}}, {"model": "accounts.user", "pk": 69, "fields": {"uid": "12227", "password": "pbkdf2_sha256$260000$QiN6X7CI4C6qq7VwjXCxtJ$IeUNi9tI51ETWOQHRQKCDuhWyAEVhHvEkqx6366HOKo=", "role": 1, "email": "manju@hrc.du.ac.in", "otp": null, "is_staff": false, "is_superuser": false, "is_admin": false, "is_active": true, "date_joined": "2021-09-25T19:29:47.975Z", "last_login": "2021-09-25T19:29:47.977Z"}}, {"model": "accounts.user", "pk": 70, "fields": {"uid": "12228", "password": "pbkdf2_sha256$260000$2y5z7prB7gkWOQam6yKBeS$D3CbdH1N1S2itP8qXryRVUioEF96023cQGbDCOtmHHw=", "role": 1, "email": "aarti@hrc.du.ac.in", "otp": null, "is_staff": false, "is_superuser": false, "is_admin": false, "is_active": true, "date_joined": "2021-09-25T19:29:48.268Z", "last_login": "2021-09-25T19:29:48.272Z"}}, {"model": "accounts.user", "pk": 71, "fields": {"uid": "12229", "password": "pbkdf2_sha256$260000$rhoEnncFlO1wg85toOGoRn$fBrskhN601qPBu+lf70Ag6M5ZBZPzeu6SqF9nbYazvQ=", "role": 1, "email": "divya@hrc.du.ac.in", "otp": null, "is_staff": false, "is_superuser": false, "is_admin": false, "is_active": true, "date_joined": "2021-09-25T19:29:48.699Z", "last_login": "2021-09-25T19:29:48.701Z"}}, {"model": "accounts.user", "pk": 72, "fields": {"uid": "12230", "password": "pbkdf2_sha256$260000$r358bBHnDSXX2uopneJJCf$DQUKAtcWAuB65AbSZv2S86snc/W/gW6yj7Ep7Faz4VI=", "role": 1, "email": "suyash@hrc.du.ac.in", "otp": null, "is_staff": false, "is_superuser": false, "is_admin": false, "is_active": true, "date_joined": "2021-09-25T19:29:48.953Z", "last_login": "2021-09-25T19:29:48.955Z"}}, {"model": "accounts.user", "pk": 73, "fields": {"uid": "nancy", "password": "pbkdf2_sha256$260000$AU3Fv38GpDFJiNkqoYFXyu$S9ELPE67sUZITxgMcC6oPNKWAz1R8WFkreXv/kQss8I=", "role": null, "email": null, "otp": null, "is_staff": true, "is_superuser": true, "is_admin": true, "is_active": true, "date_joined": "2021-09-25T19:30:36.938Z", "last_login": "2021-09-25T19:31:31.612Z"}}, {"model": "students.studentdetail", "pk": 125, "fields": {"sid": 1, "email": "vardajain17@gmail.com", "name": "Varda Jain", "university_roll_no": 19025570001, "course": "B.Sc. (H) Computer Science", "semester": 5, "subject": [1, 2, 6, 9, 13, 14, 15, 16, 17, 18]}}, {"model": "students.studentdetail", "pk": 126, "fields": {"sid": 2, "email": "harshitjaiswal03082001@gmail.com", "name": "Harshit Jaiswal", "university_roll_no": 19025570002, "course": "B.Sc. (H) Computer Science", "semester": 5, "subject": [1, 2, 6, 9, 13, 14, 15, 16, 17, 18]}}, {"model": "students.studentdetail", "pk": 127, "fields": {"sid": 3, "email": "monikajoshimj1@gmail.com", "name": "Monika Joshi", "university_roll_no": 19025570003, "course": "B.Sc. (H) Computer Science", "semester": 5, "subject": [1, 2, 6, 9, 13, 14, 15, 16, 17, 18]}}, {"model": "students.studentdetail", "pk": 128, "fields": {"sid": 4, "email": "himanshugirigoswami644@gmail.com", "name": "Hemant Giri Goswami", "university_roll_no": 19025570004, "course": "B.Sc. (H) Computer Science", "semester": 5, "subject": [1, 2, 6, 9, 13, 14, 15, 16, 17, 18]}}, {"model": "students.studentdetail", "pk": 129, "fields": {"sid": 5, "email": "chahatbudhiraja96@gmail.com", "name": "Chahat Budhiraja", "university_roll_no": 19025570005, "course": "B.Sc. (H) Computer Science", "semester": 5, "subject": [1, 2, 6, 9, 13, 14, 15, 16, 17, 18]}}, {"model": "students.studentdetail", "pk": 130, "fields": {"sid": 6, "email": "priyanka.davps1008@gmail.com", "name": "Priyanka Das", "university_roll_no": 19022570005, "course": "B.Sc. (H) Computer Science", "semester": 5, "subject": [1, 2, 6, 9, 13, 14, 15, 16, 17, 18]}}, {"model": "students.studentdetail", "pk": 131, "fields": {"sid": 7, "email": "chandubabloo42@gmail.com", "name": "Mamidi Chandu", "university_roll_no": 19025570007, "course": "B.Sc. (H) Computer Science", "semester": 5, "subject": [1, 2, 6, 9, 13, 14, 15, 16, 17, 18]}}, {"model": "students.studentdetail", "pk": 132, "fields": {"sid": 8, "email": "yadavbenika7@gmail.com", "name": "Benika Yadav", "university_roll_no": 19025570008, "course": "B.Sc. (H) Computer Science", "semester": 5, "subject": [1, 2, 6, 9, 13, 14, 15, 16, 17, 18]}}, {"model": "students.studentdetail", "pk": 133, "fields": {"sid": 9, "email": "aryanrautelachutput@gmail.com", "name": "Aryan Rautela", "university_roll_no": 19025570009, "course": "B.Sc. (H) Computer Science", "semester": 5, "subject": [1, 2, 6, 9, 13, 14, 15, 16, 17, 18]}}, {"model": "students.studentdetail", "pk": 134, "fields": {"sid": 10, "email": "cosmoslens@gmail.com", "name": "Subrat Shukla", "university_roll_no": 19025570010, "course": "B.Sc. (H) Computer Science", "semester": 5, "subject": [1, 2, 6, 9, 13, 14, 15, 16, 17, 18]}}, {"model": "students.studentdetail", "pk": 135, "fields": {"sid": 11, "email": "abhisheksri421@gmail.com", "name": "Abhishek Srivastava", "university_roll_no": 19025570011, "course": "B.Sc. (H) Computer Science", "semester": 5, "subject": [1, 2, 6, 9, 13, 14, 15, 16, 17, 18]}}, {"model": "students.studentdetail", "pk": 136, "fields": {"sid": 12, "email": "bhavyaag2001@gmail.com", "name": "Bhavyaa Garg", "university_roll_no": 19025570012, "course": "B.Sc. (H) Computer Science", "semester": 5, "subject": [1, 2, 6, 9, 13, 14, 15, 16, 17, 18]}}, {"model": "students.studentdetail", "pk": 137, "fields": {"sid": 13, "email": "anushkabahugunaa@gmail.com", "name": "Anushka Bahuguna", "university_roll_no": 19025570013, "course": "B.Sc. (H) Computer Science", "semester": 5, "subject": [1, 2, 6, 9, 13, 14, 15, 16, 17, 18]}}, {"model": "students.studentdetail", "pk": 138, "fields": {"sid": 14, "email": "mayankagarwal220322@gmail.com", "name": "Mayank Agarwal", "university_roll_no": 19025570014, "course": "B.Sc. (H) Computer Science", "semester": 5, "subject": [1, 2, 6, 9, 13, 14, 15, 16, 17, 18]}}, {"model": "students.studentdetail", "pk": 139, "fields": {"sid": 15, "email": "10harshawasthi@gmail.com", "name": "Harsh Awasthi", "university_roll_no": 19025570015, "course": "B.Sc. (H) Computer Science", "semester": 5, "subject": [1, 2, 6, 9, 15, 16, 17, 18, 19, 20]}}, {"model": "students.studentdetail", "pk": 140, "fields": {"sid": 16, "email": "pardyumyadav@gmail.com", "name": "Pardyum Yadav", "university_roll_no": 19025570016, "course": "B.Sc. (H) Computer Science", "semester": 5, "subject": [1, 2, 6, 9, 13, 14, 15, 16, 17, 18]}}, {"model": "students.studentdetail", "pk": 141, "fields": {"sid": 17, "email": "chandramaheshyaka@gmail.com", "name": "Yaka.Chandramahesh", "university_roll_no": 19025570017, "course": "B.Sc. (H) Computer Science", "semester": 5, "subject": [1, 2, 6, 9, 13, 14, 15, 16, 17, 18]}}, {"model": "students.studentdetail", "pk": 142, "fields": {"sid": 18, "email": "thiru988877@gmail.com", "name": "Tejavath thirupathi", "university_roll_no": 19025570018, "course": "B.Sc. (H) Computer Science", "semester": 5, "subject": [1, 2, 6, 9, 13, 14, 15, 16, 17, 18]}}, {"model": "students.studentdetail", "pk": 143, "fields": {"sid": 19, "email": "narendrakomaram2000@gmail.com", "name": "Narendra Komaram", "university_roll_no": 19025570019, "course": "B.Sc. (H) Computer Science", "semester": 5, "subject": [1, 2, 6, 9, 13, 14, 15, 16, 17, 18]}}, {"model": "students.studentdetail", "pk": 144, "fields": {"sid": 20, "email": "shukramkalumu174@gmail.com", "name": "Kalumu Shukram", "university_roll_no": 19025570020, "course": "B.Sc. (H) Computer Science", "semester": 5, "subject": [1, 2, 6, 9, 13, 14, 15, 16, 17, 18]}}, {"model": "students.studentdetail", "pk": 145, "fields": {"sid": 21, "email": "sripad183@gmail.com", "name": "Sripad Metpelly", "university_roll_no": 19025570021, "course": "B.Sc. (H) Computer Science", "semester": 5, "subject": [1, 2, 6, 9, 13, 14, 15, 16, 17, 18]}}, {"model": "students.studentdetail", "pk": 146, "fields": {"sid": 22, "email": "maheshgandham500@gmail.com", "name": "GANDHAM MAHESH", "university_roll_no": 19025570022, "course": "B.Sc. (H) Computer Science", "semester": 5, "subject": [1, 2, 6, 9, 13, 14, 15, 16, 17, 18]}}, {"model": "students.studentdetail", "pk": 147, "fields": {"sid": 23, "email": "khush.jmk@gmail.com", "name": "Khushboo Gupta", "university_roll_no": 19025570023, "course": "B.Sc. (H) Computer Science", "semester": 5, "subject": [1, 2, 6, 9, 13, 14, 15, 16, 17, 18]}}, {"model": "students.studentdetail", "pk": 148, "fields": {"sid": 24, "email": "aakriti20sbi@gmail.com", "name": "Aakriti Sharma", "university_roll_no": 19025570024, "course": "B.Sc. (H) Computer Science", "semester": 5, "subject": [1, 2, 6, 9, 13, 14, 15, 16, 17, 18]}}, {"model": "students.studentdetail", "pk": 149, "fields": {"sid": 25, "email": "jasjaapdua13@gmail.com", "name": "Jasjaap Singh Dua", "university_roll_no": 19025570025, "course": "B.Sc. (H) Computer Science", "semester": 5, "subject": [1, 2, 6, 9, 13, 14, 15, 16, 17, 18]}}, {"model": "students.studentdetail", "pk": 150, "fields": {"sid": 26, "email": "ajay1146139@gmail.com", "name": "Ajay Kumar", "university_roll_no": 19025570026, "course": "B.Sc. (H) Computer Science", "semester": 5, "subject": [1, 2, 6, 9, 13, 14, 15, 16, 17, 18]}}, {"model": "students.studentdetail", "pk": 151, "fields": {"sid": 27, "email": "muskaantalat7@gmail.com", "name": "Muskaan Talat", "university_roll_no": 19025570028, "course": "B.Sc. (H) Computer Science", "semester": 5, "subject": [1, 2, 6, 9, 13, 14, 15, 16, 17, 18]}}, {"model": "students.studentdetail", "pk": 152, "fields": {"sid": 28, "email": "mukeshhhkumar7@gmail.com", "name": "Mukesh Kumar", "university_roll_no": 19025570029, "course": "B.Sc. (H) Computer Science", "semester": 5, "subject": [1, 2, 6, 9, 13, 14, 15, 16, 17, 18]}}, {"model": "students.studentdetail", "pk": 153, "fields": {"sid": 29, "email": "chethanreddy.akkati123@gmail.com", "name": "Chethanreddy", "university_roll_no": 19025570030, "course": "B.Sc. (H) Computer Science", "semester": 5, "subject": [1, 2, 6, 9, 13, 14, 15, 16, 17, 18]}}, {"model": "students.studentdetail", "pk": 154, "fields": {"sid": 30, "email": "smya13.gangwar@gmail.com", "name": "Saumya Gangwar", "university_roll_no": 19025570031, "course": "B.Sc. (H) Computer Science", "semester": 5, "subject": [1, 2, 6, 9, 13, 14, 15, 16, 17, 18]}}, {"model": "students.studentdetail", "pk": 155, "fields": {"sid": 31, "email": "jaswindersingh243601@gmail.com", "name": "Jaswinder Singh", "university_roll_no": 19025570032, "course": "B.Sc. (H) Computer Science", "semester": 5, "subject": [1, 2, 6, 9, 13, 14, 15, 16, 17, 18]}}, {"model": "students.studentdetail", "pk": 156, "fields": {"sid": 32, "email": "daminipatel.2207@gmail.com", "name": "Damini Patel", "university_roll_no": 19025570033, "course": "B.Sc. (H) Computer Science", "semester": 5, "subject": [1, 2, 6, 9, 13, 14, 15, 16, 17, 18]}}, {"model": "students.studentdetail", "pk": 157, "fields": {"sid": 33, "email": "pavanmulkalla222@gmail.com", "name": "MULKALLA PAVAN", "university_roll_no": 19025570034, "course": "B.Sc. (H) Computer Science", "semester": 5, "subject": [1, 2, 6, 9, 13, 14, 15, 16, 17, 18]}}, {"model": "students.studentdetail", "pk": 158, "fields": {"sid": 34, "email": "himanshu807736@gmail.com", "name": "Himanshu Yadav", "university_roll_no": 19025570035, "course": "B.Sc. (H) Computer Science", "semester": 5, "subject": [1, 2, 6, 9, 13, 14, 15, 16, 17, 18]}}, {"model": "students.studentdetail", "pk": 159, "fields": {"sid": 35, "email": "deepanshuverma067@gmail.com", "name": "Deepanshu", "university_roll_no": 19025570036, "course": "B.Sc. (H) Computer Science", "semester": 5, "subject": [1, 2, 6, 9, 13, 14, 15, 16, 17, 18]}}, {"model": "students.studentdetail", "pk": 160, "fields": {"sid": 36, "email": "acubesaquib@gmail.com", "name": "Md Saquib Sabri", "university_roll_no": 19025570037, "course": "B.Sc. (H) Computer Science", "semester": 5, "subject": [1, 2, 6, 9, 13, 14, 15, 16, 17, 18]}}, {"model": "students.studentdetail", "pk": 161, "fields": {"sid": 37, "email": "tanveer.ta300@gmail.com", "name": "Tanveer Alam", "university_roll_no": 19025570038, "course": "B.Sc. (H) Computer Science", "semester": 5, "subject": [1, 2, 6, 9, 13, 14, 15, 16, 17, 18]}}, {"model": "students.studentdetail", "pk": 162, "fields": {"sid": 38, "email": "jahanveegarg2701@gmail.com", "name": "Jahanvee Garg", "university_roll_no": 19025570039, "course": "B.Sc. (H) Computer Science", "semester": 5, "subject": [1, 2, 6, 9, 13, 14, 15, 16, 17, 18]}}, {"model": "students.studentdetail", "pk": 163, "fields": {"sid": 39, "email": "sanusha1205@gmail.com", "name": "S Anusha", "university_roll_no": 19025570040, "course": "B.Sc. (H) Computer Science", "semester": 5, "subject": [1, 2, 6, 9, 13, 14, 15, 16, 17, 18]}}, {"model": "students.studentdetail", "pk": 164, "fields": {"sid": 40, "email": "deepakkumar12022001@gmail.com", "name": "Deepak Kumar", "university_roll_no": 19025570041, "course": "B.Sc. (H) Computer Science", "semester": 5, "subject": [1, 2, 6, 9, 13, 14, 15, 16, 17, 18]}}, {"model": "students.studentdetail", "pk": 165, "fields": {"sid": 41, "email": "uttu123a@gmail.com", "name": "Utkarsh Verma", "university_roll_no": 19025570042, "course": "B.Sc. (H) Computer Science", "semester": 5, "subject": [1, 2, 6, 9, 13, 14, 15, 16, 17, 18]}}, {"model": "students.studentdetail", "pk": 166, "fields": {"sid": 42, "email": "admirablearavind@gmail.com", "name": "Kondani Aravind", "university_roll_no": 19025570043, "course": "B.Sc. (H) Computer Science", "semester": 5, "subject": [1, 2, 6, 9, 13, 14, 15, 16, 17, 18]}}, {"model": "students.studentdetail", "pk": 167, "fields": {"sid": 43, "email": "dsanjna24@gmail.com", "name": "Sanjna Dhawan", "university_roll_no": 19025570044, "course": "B.Sc. (H) Computer Science", "semester": 5, "subject": [1, 2, 6, 9, 13, 14, 15, 16, 17, 18]}}, {"model": "students.studentdetail", "pk": 168, "fields": {"sid": 44, "email": "vaibhavsinghal17.10.2000@gmail.com", "name": "Vaibhav singhal", "university_roll_no": 19025570045, "course": "B.Sc. (H) Computer Science", "semester": 5, "subject": [1, 2, 6, 9, 13, 14, 15, 16, 17, 18]}}, {"model": "students.studentdetail", "pk": 169, "fields": {"sid": 45, "email": "ypsingh393.0@gmail.com", "name": "Yash Pal Singh", "university_roll_no": 19025570046, "course": "B.Sc. (H) Computer Science", "semester": 5, "subject": [1, 2, 6, 9, 13, 14, 15, 16, 17, 18]}}, {"model": "students.studentdetail", "pk": 170, "fields": {"sid": 46, "email": "thapliyal.utkarsh10@gmail.com", "name": "Utkarsh Thapliyal", "university_roll_no": 19025570047, "course": "B.Sc. (H) Computer Science", "semester": 5, "subject": [1, 2, 6, 9, 13, 14, 15, 16, 17, 18]}}, {"model": "students.studentdetail", "pk": 171, "fields": {"sid": 47, "email": "ishikabhardwaj7601@gmail.com", "name": "Ishika Bhardwaj", "university_roll_no": 19025570048, "course": "B.Sc. (H) Computer Science", "semester": 5, "subject": [1, 2, 6, 9, 13, 14, 15, 16, 17, 18]}}, {"model": "students.studentdetail", "pk": 172, "fields": {"sid": 48, "email": "hariseppriya@gmail.com", "name": "Haripriya", "university_roll_no": 19025570049, "course": "B.Sc. (H) Computer Science", "semester": 5, "subject": [1, 2, 6, 9, 13, 14, 15, 16, 17, 18]}}, {"model": "students.studentdetail", "pk": 173, "fields": {"sid": 49, "email": "www.nj112449@gmail.com", "name": "Neha Jaiswal", "university_roll_no": 19025570050, "course": "B.Sc. (H) Computer Science", "semester": 5, "subject": [1, 2, 6, 9, 13, 14, 15, 16, 17, 18]}}, {"model": "students.studentdetail", "pk": 174, "fields": {"sid": 50, "email": "abhishektyagi.abhi@gmail.com", "name": "AbhishekTyagi", "university_roll_no": 19025570051, "course": "B.Sc. (H) Computer Science", "semester": 5, "subject": [1, 2, 6, 9, 13, 14, 15, 16, 17, 18]}}, {"model": "students.studentdetail", "pk": 175, "fields": {"sid": 51, "email": "souravatri16@gmail.com", "name": "Sourav atri", "university_roll_no": 19025570052, "course": "B.Sc. (H) Computer Science", "semester": 5, "subject": [1, 2, 6, 9, 13, 14, 15, 16, 17, 18]}}, {"model": "students.studentdetail", "pk": 176, "fields": {"sid": 52, "email": "shubhchandra02@gmail.com", "name": "Shubh Chandra", "university_roll_no": 19025570053, "course": "B.Sc. (H) Computer Science", "semester": 5, "subject": [1, 2, 6, 9, 13, 14, 15, 16, 17, 18]}}, {"model": "students.studentdetail", "pk": 177, "fields": {"sid": 53, "email": "himanshukala526@gmail.com", "name": "Himanshu Kala", "university_roll_no": 19025570054, "course": "B.Sc. (H) Computer Science", "semester": 5, "subject": [1, 2, 6, 9, 13, 14, 15, 16, 17, 18]}}, {"model": "students.studentdetail", "pk": 178, "fields": {"sid": 54, "email": "nancytayal2001@gmail.com", "name": "Nancy Tayal", "university_roll_no": 19025570055, "course": "B.Sc. (H) Computer Science", "semester": 5, "subject": [1, 2, 6, 9, 13, 14, 15, 16, 17, 18]}}, {"model": "students.studentdetail", "pk": 179, "fields": {"sid": 55, "email": "rishikachopra21@gmail.com", "name": "Rishika chopra", "university_roll_no": 19025570063, "course": "B.Sc. (H) Computer Science", "semester": 5, "subject": [1, 2, 6, 9, 13, 14, 15, 16, 17, 18]}}, {"model": "students.studentdetail", "pk": 180, "fields": {"sid": 56, "email": "thakurayush5358@gmail.com", "name": "AAYUSH VERMA", "university_roll_no": 19025570056, "course": "B.Sc. (H) Computer Science", "semester": 5, "subject": [1, 2, 6, 9, 13, 14, 15, 16, 17, 18]}}, {"model": "students.studentdetail", "pk": 181, "fields": {"sid": 57, "email": "shreyan09062001@gmail.com", "name": "Shreya Nair", "university_roll_no": 19025570058, "course": "B.Sc. (H) Computer Science", "semester": 5, "subject": [1, 2, 6, 9, 13, 14, 15, 16, 17, 18]}}, {"model": "students.studentdetail", "pk": 182, "fields": {"sid": 58, "email": "aanshgupta23@gmail.com", "name": "Aansh Gupta", "university_roll_no": 1902550057, "course": "B.Sc. (H) Computer Science", "semester": 5, "subject": [1, 2, 6, 9, 13, 14, 15, 16, 17, 18]}}, {"model": "students.studentdetail", "pk": 183, "fields": {"sid": 59, "email": "sreejithcj2001@gmail.com", "name": "Sreejith C J", "university_roll_no": 19025570059, "course": "B.Sc. (H) Computer Science", "semester": 5, "subject": [1, 2, 6, 9, 13, 14, 15, 16, 17, 18]}}, {"model": "students.studentdetail", "pk": 184, "fields": {"sid": 60, "email": "sneha46749@gmail.com", "name": "Sneha", "university_roll_no": 19025570060, "course": "B.Sc. (H) Computer Science", "semester": 5, "subject": [1, 2, 6, 9, 13, 14, 15, 16, 17, 18]}}, {"model": "students.studentdetail", "pk": 185, "fields": {"sid": 61, "email": "srinibasmishra06@gmail.com", "name": "Srinibas Mishra", "university_roll_no": 19025570061, "course": "B.Sc. (H) Computer Science", "semester": 5, "subject": [1, 2, 6, 9, 13, 14, 15, 16, 17, 18]}}, {"model": "students.studentdetail", "pk": 186, "fields": {"sid": 62, "email": "zhenghaohu10@gmail.com", "name": "huzhenghao", "university_roll_no": 19025570062, "course": "B.Sc. (H) Computer Science", "semester": 5, "subject": [1, 2, 6, 9, 13, 14, 15, 16, 17, 18]}}, {"model": "faculty.facultydetail", "pk": 1, "fields": {"tid": 63, "name": "Mr. Sanjay Batra", "department": "Computer Science", "email": "Sanjaybatra9@gmail.com "}}, {"model": "faculty.facultydetail", "pk": 2, "fields": {"tid": 64, "name": "Dr. Harmeet Kaur", "department": "Computer Science", "email": "hkaur@hrc.du.ac.in"}}, {"model": "faculty.facultydetail", "pk": 3, "fields": {"tid": 65, "name": "Dr. Baljeet Kaur", "department": "Computer Science", "email": "baljeetkaur@hrc.du.ac.in"}}, {"model": "faculty.facultydetail", "pk": 4, "fields": {"tid": 66, "name": "Dr. Manoj Agarwal", "department": "Computer Science", "email": "manoj.agarwal@hrc.du.ac.in "}}, {"model": "faculty.facultydetail", "pk": 5, "fields": {"tid": 67, "name": "Sunita Chand", "department": "Computer Science", "email": "sunita@hrc.du.ac.in "}}, {"model": "faculty.facultydetail", "pk": 6, "fields": {"tid": 68, "name": "Alka Khurana", "department": "Computer Science", "email": "alka@hrc.du.ac.in"}}, {"model": "faculty.facultydetail", "pk": 7, "fields": {"tid": 69, "name": "Dr. Manju", "department": "Computer Science", "email": "manju@hrc.du.ac.in"}}, {"model": "faculty.facultydetail", "pk": 8, "fields": {"tid": 70, "name": "Aarti Goel", "department": "Computer Science", "email": "aarti@hrc.du.ac.in"}}, {"model": "faculty.facultydetail", "pk": 9, "fields": {"tid": 71, "name": "Divya Kwatra", "department": "Computer Science", "email": "divya@hrc.du.ac.in"}}, {"model": "faculty.facultydetail", "pk": 10, "fields": {"tid": 72, "name": "Suyash Kumar", "department": "Computer Science", "email": "suyash@hrc.du.ac.in"}}, {"model": "faculty.subject", "pk": 1, "fields": {"subject_name": "Internet Technologies"}}, {"model": "faculty.subject", "pk": 2, "fields": {"subject_name": "Theory of Computation"}}, {"model": "faculty.subject", "pk": 3, "fields": {"subject_name": "Computer Network"}}, {"model": "faculty.subject", "pk": 4, "fields": {"subject_name": "Data Structure"}}, {"model": "faculty.subject", "pk": 5, "fields": {"subject_name": "Operating System"}}, {"model": "faculty.subject", "pk": 6, "fields": {"subject_name": "Microprocessor"}}, {"model": "faculty.subject", "pk": 7, "fields": {"subject_name": "CSA"}}, {"model": "faculty.subject", "pk": 8, "fields": {"subject_name": "Python-SEC"}}, {"model": "faculty.subject", "pk": 9, "fields": {"subject_name": "Data Analysis and Visualization"}}, {"model": "faculty.subject", "pk": 10, "fields": {"subject_name": "C++"}}, {"model": "faculty.subject", "pk": 11, "fields": {"subject_name": "Python-GE"}}, {"model": "faculty.subject", "pk": 12, "fields": {"subject_name": "Computer Network GE"}}, {"model": "faculty.subject", "pk": 13, "fields": {"subject_name": "Internet Technologies Lab"}}, {"model": "faculty.subject", "pk": 14, "fields": {"subject_name": "Data Analysis and Visualization Lab"}}, {"model": "faculty.subject", "pk": 15, "fields": {"subject_name": "Microprocessor Lab"}}, {"model": "faculty.subject", "pk": 16, "fields": {"subject_name": "Python-SEC Lab"}}, {"model": "faculty.subject", "pk": 17, "fields": {"subject_name": "Operating System Lab"}}, {"model": "faculty.subject", "pk": 18, "fields": {"subject_name": "Data Structure Lab"}}, {"model": "faculty.subject", "pk": 19, "fields": {"subject_name": "Computer Network Lab"}}, {"model": "faculty.subject", "pk": 20, "fields": {"subject_name": "Computer Network GE Lab"}}, {"model": "faculty.subject", "pk": 21, "fields": {"subject_name": "CSA Lab"}}, {"model": "faculty.subject", "pk": 22, "fields": {"subject_name": "C++ Lab"}}, {"model": "faculty.subject", "pk": 23, "fields": {"subject_name": "Python-GE Lab"}}, {"model": "faculty.subjectdetail", "pk": 1, "fields": {"tid": 5, "subject_id": 1}}, {"model": "faculty.subjectdetail", "pk": 2, "fields": {"tid": 6, "subject_id": 2}}, {"model": "faculty.subjectdetail", "pk": 3, "fields": {"tid": 7, "subject_id": 3}}, {"model": "faculty.subjectdetail", "pk": 4, "fields": {"tid": 8, "subject_id": 4}}, {"model": "faculty.subjectdetail", "pk": 5, "fields": {"tid": 9, "subject_id": 5}}, {"model": "faculty.subjectdetail", "pk": 6, "fields": {"tid": 10, "subject_id": 6}}, {"model": "faculty.subjectdetail", "pk": 7, "fields": {"tid": 5, "subject_id": 7}}, {"model": "faculty.subjectdetail", "pk": 8, "fields": {"tid": 6, "subject_id": 8}}, {"model": "faculty.subjectdetail", "pk": 9, "fields": {"tid": 7, "subject_id": 9}}, {"model": "faculty.subjectdetail", "pk": 10, "fields": {"tid": 8, "subject_id": 10}}, {"model": "faculty.subjectdetail", "pk": 11, "fields": {"tid": 9, "subject_id": 11}}, {"model": "faculty.subjectdetail", "pk": 12, "fields": {"tid": 10, "subject_id": 12}}, {"model": "faculty.subjectdetail", "pk": 13, "fields": {"tid": 5, "subject_id": 13}}, {"model": "faculty.subjectdetail", "pk": 14, "fields": {"tid": 8, "subject_id": 13}}, {"model": "faculty.subjectdetail", "pk": 15, "fields": {"tid": 7, "subject_id": 14}}, {"model": "faculty.subjectdetail", "pk": 16, "fields": {"tid": 6, "subject_id": 14}}, {"model": "faculty.subjectdetail", "pk": 17, "fields": {"tid": 10, "subject_id": 15}}, {"model": "faculty.subjectdetail", "pk": 18, "fields": {"tid": 9, "subject_id": 15}}, {"model": "faculty.subjectdetail", "pk": 19, "fields": {"tid": 6, "subject_id": 16}}, {"model": "faculty.subjectdetail", "pk": 20, "fields": {"tid": 9, "subject_id": 16}}, {"model": "faculty.subjectdetail", "pk": 21, "fields": {"tid": 9, "subject_id": 17}}, {"model": "faculty.subjectdetail", "pk": 22, "fields": {"tid": 5, "subject_id": 17}}, {"model": "faculty.subjectdetail", "pk": 23, "fields": {"tid": 6, "subject_id": 17}}, {"model": "faculty.subjectdetail", "pk": 24, "fields": {"tid": 8, "subject_id": 18}}, {"model": "faculty.subjectdetail", "pk": 25, "fields": {"tid": 5, "subject_id": 18}}, {"model": "faculty.subjectdetail", "pk": 26, "fields": {"tid": 7, "subject_id": 19}}, {"model": "faculty.subjectdetail", "pk": 27, "fields": {"tid": 10, "subject_id": 19}}, {"model": "faculty.subjectdetail", "pk": 28, "fields": {"tid": 8, "subject_id": 19}}, {"model": "faculty.subjectdetail", "pk": 29, "fields": {"tid": 10, "subject_id": 20}}, {"model": "faculty.subjectdetail", "pk": 30, "fields": {"tid": 5, "subject_id": 20}}, {"model": "faculty.subjectdetail", "pk": 31, "fields": {"tid": 8, "subject_id": 20}}, {"model": "faculty.subjectdetail", "pk": 32, "fields": {"tid": 5, "subject_id": 21}}, {"model": "faculty.subjectdetail", "pk": 33, "fields": {"tid": 10, "subject_id": 21}}, {"model": "faculty.subjectdetail", "pk": 34, "fields": {"tid": 7, "subject_id": 21}}, {"model": "faculty.subjectdetail", "pk": 35, "fields": {"tid": 8, "subject_id": 22}}, {"model": "faculty.subjectdetail", "pk": 36, "fields": {"tid": 10, "subject_id": 22}}, {"model": "faculty.subjectdetail", "pk": 37, "fields": {"tid": 6, "subject_id": 22}}, {"model": "faculty.subjectdetail", "pk": 38, "fields": {"tid": 9, "subject_id": 23}}, {"model": "faculty.subjectdetail", "pk": 39, "fields": {"tid": 6, "subject_id": 23}}, {"model": "faculty.subjectdetail", "pk": 40, "fields": {"tid": 7, "subject_id": 23}}, {"model": "attendance.attendance", "pk": 1, "fields": {"sid": 125, "detail_id": 1, "m1": 0, "m2": 2, "m3": 2, "m4": 0, "m5": 2, "m6": 0, "m7": 0, "m8": 0, "m9": 0, "m10": 0, "m11": 0, "m12": 0, "total": 6}}, {"model": "attendance.attendance", "pk": 2, "fields": {"sid": 126, "detail_id": 1, "m1": 0, "m2": 4, "m3": 4, "m4": 0, "m5": 4, "m6": 0, "m7": 0, "m8": 0, "m9": 0, "m10": 0, "m11": 0, "m12": 0, "total": 12}}, {"model": "attendance.attendance", "pk": 3, "fields": {"sid": 127, "detail_id": 1, "m1": 0, "m2": 8, "m3": 8, "m4": 0, "m5": 8, "m6": 0, "m7": 0, "m8": 0, "m9": 0, "m10": 0, "m11": 0, "m12": 0, "total": 24}}, {"model": "attendance.attendance", "pk": 4, "fields": {"sid": 128, "detail_id": 1, "m1": 0, "m2": 1, "m3": 1, "m4": 0, "m5": 1, "m6": 0, "m7": 0, "m8": 0, "m9": 0, "m10": 0, "m11": 0, "m12": 0, "total": 3}}, {"model": "attendance.attendance", "pk": 5, "fields": {"sid": 129, "detail_id": 1, "m1": 0, "m2": 0, "m3": 0, "m4": 0, "m5": 0, "m6": 0, "m7": 0, "m8": 0, "m9": 0, "m10": 0, "m11": 0, "m12": 0, "total": 0}}, {"model": "attendance.attendance", "pk": 6, "fields": {"sid": 130, "detail_id": 1, "m1": 0, "m2": 3, "m3": 3, "m4": 0, "m5": 3, "m6": 0, "m7": 0, "m8": 0, "m9": 0, "m10": 0, "m11": 0, "m12": 0, "total": 9}}, {"model": "attendance.attendance", "pk": 7, "fields": {"sid": 131, "detail_id": 1, "m1": 0, "m2": 12, "m3": 12, "m4": 0, "m5": 12, "m6": 0, "m7": 0, "m8": 0, "m9": 0, "m10": 0, "m11": 0, "m12": 0, "total": 36}}, {"model": "attendance.attendance", "pk": 8, "fields": {"sid": 132, "detail_id": 1, "m1": 0, "m2": 15, "m3": 15, "m4": 0, "m5": 15, "m6": 0, "m7": 0, "m8": 0, "m9": 0, "m10": 0, "m11": 0, "m12": 0, "total": 45}}, {"model": "attendance.attendance", "pk": 9, "fields": {"sid": 133, "detail_id": 1, "m1": 0, "m2": 2, "m3": 2, "m4": 0, "m5": 2, "m6": 0, "m7": 0, "m8": 0, "m9": 0, "m10": 0, "m11": 0, "m12": 0, "total": 6}}, {"model": "attendance.attendance", "pk": 10, "fields": {"sid": 134, "detail_id": 1, "m1": 0, "m2": 4, "m3": 4, "m4": 0, "m5": 4, "m6": 0, "m7": 0, "m8": 0, "m9": 0, "m10": 0, "m11": 0, "m12": 0, "total": 12}}, {"model": "attendance.attendance", "pk": 11, "fields": {"sid": 135, "detail_id": 1, "m1": 0, "m2": 8, "m3": 8, "m4": 0, "m5": 8, "m6": 0, "m7": 0, "m8": 0, "m9": 0, "m10": 0, "m11": 0, "m12": 0, "total": 24}}, {"model": "attendance.attendance", "pk": 12, "fields": {"sid": 136, "detail_id": 1, "m1": 0, "m2": 1, "m3": 1, "m4": 0, "m5": 1, "m6": 0, "m7": 0, "m8": 0, "m9": 0, "m10": 0, "m11": 0, "m12": 0, "total": 3}}, {"model": "attendance.attendance", "pk": 13, "fields": {"sid": 137, "detail_id": 1, "m1": 0, "m2": 0, "m3": 0, "m4": 0, "m5": 0, "m6": 0, "m7": 0, "m8": 0, "m9": 0, "m10": 0, "m11": 0, "m12": 0, "total": 0}}, {"model": "attendance.attendance", "pk": 14, "fields": {"sid": 138, "detail_id": 1, "m1": 0, "m2": 3, "m3": 3, "m4": 0, "m5": 3, "m6": 0, "m7": 0, "m8": 0, "m9": 0, "m10": 0, "m11": 0, "m12": 0, "total": 9}}, {"model": "attendance.attendance", "pk": 15, "fields": {"sid": 139, "detail_id": 1, "m1": 0, "m2": 12, "m3": 12, "m4": 0, "m5": 12, "m6": 0, "m7": 0, "m8": 0, "m9": 0, "m10": 0, "m11": 0, "m12": 0, "total": 36}}, {"model": "attendance.attendance", "pk": 16, "fields": {"sid": 140, "detail_id": 1, "m1": 0, "m2": 15, "m3": 15, "m4": 0, "m5": 15, "m6": 0, "m7": 0, "m8": 0, "m9": 0, "m10": 0, "m11": 0, "m12": 0, "total": 45}}, {"model": "attendance.attendance", "pk": 17, "fields": {"sid": 141, "detail_id": 1, "m1": 0, "m2": 2, "m3": 2, "m4": 0, "m5": 2, "m6": 0, "m7": 0, "m8": 0, "m9": 0, "m10": 0, "m11": 0, "m12": 0, "total": 6}}, {"model": "attendance.attendance", "pk": 18, "fields": {"sid": 142, "detail_id": 1, "m1": 0, "m2": 4, "m3": 4, "m4": 0, "m5": 4, "m6": 0, "m7": 0, "m8": 0, "m9": 0, "m10": 0, "m11": 0, "m12": 0, "total": 12}}, {"model": "attendance.attendance", "pk": 19, "fields": {"sid": 143, "detail_id": 1, "m1": 0, "m2": 8, "m3": 8, "m4": 0, "m5": 8, "m6": 0, "m7": 0, "m8": 0, "m9": 0, "m10": 0, "m11": 0, "m12": 0, "total": 24}}, {"model": "attendance.attendance", "pk": 20, "fields": {"sid": 144, "detail_id": 1, "m1": 0, "m2": 1, "m3": 1, "m4": 0, "m5": 1, "m6": 0, "m7": 0, "m8": 0, "m9": 0, "m10": 0, "m11": 0, "m12": 0, "total": 3}}, {"model": "attendance.attendance", "pk": 21, "fields": {"sid": 145, "detail_id": 1, "m1": 0, "m2": 0, "m3": 0, "m4": 0, "m5": 0, "m6": 0, "m7": 0, "m8": 0, "m9": 0, "m10": 0, "m11": 0, "m12": 0, "total": 0}}, {"model": "attendance.attendance", "pk": 22, "fields": {"sid": 146, "detail_id": 1, "m1": 0, "m2": 3, "m3": 3, "m4": 0, "m5": 3, "m6": 0, "m7": 0, "m8": 0, "m9": 0, "m10": 0, "m11": 0, "m12": 0, "total": 9}}, {"model": "attendance.attendance", "pk": 23, "fields": {"sid": 147, "detail_id": 1, "m1": 0, "m2": 12, "m3": 12, "m4": 0, "m5": 12, "m6": 0, "m7": 0, "m8": 0, "m9": 0, "m10": 0, "m11": 0, "m12": 0, "total": 36}}, {"model": "attendance.attendance", "pk": 24, "fields": {"sid": 148, "detail_id": 1, "m1": 0, "m2": 15, "m3": 15, "m4": 0, "m5": 15, "m6": 0, "m7": 0, "m8": 0, "m9": 0, "m10": 0, "m11": 0, "m12": 0, "total": 45}}, {"model": "attendance.attendance", "pk": 25, "fields": {"sid": 149, "detail_id": 1, "m1": 0, "m2": 2, "m3": 2, "m4": 0, "m5": 2, "m6": 0, "m7": 0, "m8": 0, "m9": 0, "m10": 0, "m11": 0, "m12": 0, "total": 6}}, {"model": "attendance.attendance", "pk": 26, "fields": {"sid": 150, "detail_id": 1, "m1": 0, "m2": 4, "m3": 4, "m4": 0, "m5": 4, "m6": 0, "m7": 0, "m8": 0, "m9": 0, "m10": 0, "m11": 0, "m12": 0, "total": 12}}, {"model": "attendance.attendance", "pk": 27, "fields": {"sid": 151, "detail_id": 1, "m1": 0, "m2": 8, "m3": 8, "m4": 0, "m5": 8, "m6": 0, "m7": 0, "m8": 0, "m9": 0, "m10": 0, "m11": 0, "m12": 0, "total": 24}}, {"model": "attendance.attendance", "pk": 28, "fields": {"sid": 152, "detail_id": 1, "m1": 0, "m2": 1, "m3": 1, "m4": 0, "m5": 1, "m6": 0, "m7": 0, "m8": 0, "m9": 0, "m10": 0, "m11": 0, "m12": 0, "total": 3}}, {"model": "attendance.attendance", "pk": 29, "fields": {"sid": 153, "detail_id": 1, "m1": 0, "m2": 0, "m3": 0, "m4": 0, "m5": 0, "m6": 0, "m7": 0, "m8": 0, "m9": 0, "m10": 0, "m11": 0, "m12": 0, "total": 0}}, {"model": "attendance.attendance", "pk": 30, "fields": {"sid": 154, "detail_id": 1, "m1": 0, "m2": 3, "m3": 3, "m4": 0, "m5": 3, "m6": 0, "m7": 0, "m8": 0, "m9": 0, "m10": 0, "m11": 0, "m12": 0, "total": 9}}, {"model": "attendance.attendance", "pk": 31, "fields": {"sid": 155, "detail_id": 1, "m1": 0, "m2": 12, "m3": 12, "m4": 0, "m5": 12, "m6": 0, "m7": 0, "m8": 0, "m9": 0, "m10": 0, "m11": 0, "m12": 0, "total": 36}}, {"model": "attendance.attendance", "pk": 32, "fields": {"sid": 156, "detail_id": 1, "m1": 0, "m2": 15, "m3": 15, "m4": 0, "m5": 15, "m6": 0, "m7": 0, "m8": 0, "m9": 0, "m10": 0, "m11": 0, "m12": 0, "total": 45}}, {"model": "attendance.attendance", "pk": 33, "fields": {"sid": 157, "detail_id": 1, "m1": 0, "m2": 2, "m3": 2, "m4": 0, "m5": 2, "m6": 0, "m7": 0, "m8": 0, "m9": 0, "m10": 0, "m11": 0, "m12": 0, "total": 6}}, {"model": "attendance.attendance", "pk": 34, "fields": {"sid": 158, "detail_id": 1, "m1": 0, "m2": 4, "m3": 4, "m4": 0, "m5": 4, "m6": 0, "m7": 0, "m8": 0, "m9": 0, "m10": 0, "m11": 0, "m12": 0, "total": 12}}, {"model": "attendance.attendance", "pk": 35, "fields": {"sid": 159, "detail_id": 1, "m1": 0, "m2": 8, "m3": 8, "m4": 0, "m5": 8, "m6": 0, "m7": 0, "m8": 0, "m9": 0, "m10": 0, "m11": 0, "m12": 0, "total": 24}}, {"model": "attendance.attendance", "pk": 36, "fields": {"sid": 160, "detail_id": 1, "m1": 0, "m2": 1, "m3": 1, "m4": 0, "m5": 1, "m6": 0, "m7": 0, "m8": 0, "m9": 0, "m10": 0, "m11": 0, "m12": 0, "total": 3}}, {"model": "attendance.attendance", "pk": 37, "fields": {"sid": 161, "detail_id": 1, "m1": 0, "m2": 0, "m3": 0, "m4": 0, "m5": 0, "m6": 0, "m7": 0, "m8": 0, "m9": 0, "m10": 0, "m11": 0, "m12": 0, "total": 0}}, {"model": "attendance.attendance", "pk": 38, "fields": {"sid": 162, "detail_id": 1, "m1": 0, "m2": 3, "m3": 3, "m4": 0, "m5": 3, "m6": 0, "m7": 0, "m8": 0, "m9": 0, "m10": 0, "m11": 0, "m12": 0, "total": 9}}, {"model": "attendance.attendance", "pk": 39, "fields": {"sid": 163, "detail_id": 1, "m1": 0, "m2": 12, "m3": 12, "m4": 0, "m5": 12, "m6": 0, "m7": 0, "m8": 0, "m9": 0, "m10": 0, "m11": 0, "m12": 0, "total": 36}}, {"model": "attendance.attendance", "pk": 40, "fields": {"sid": 164, "detail_id": 1, "m1": 0, "m2": 15, "m3": 15, "m4": 0, "m5": 15, "m6": 0, "m7": 0, "m8": 0, "m9": 0, "m10": 0, "m11": 0, "m12": 0, "total": 45}}, {"model": "attendance.attendance", "pk": 41, "fields": {"sid": 165, "detail_id": 1, "m1": 0, "m2": 2, "m3": 2, "m4": 0, "m5": 2, "m6": 0, "m7": 0, "m8": 0, "m9": 0, "m10": 0, "m11": 0, "m12": 0, "total": 6}}, {"model": "attendance.attendance", "pk": 42, "fields": {"sid": 166, "detail_id": 1, "m1": 0, "m2": 4, "m3": 4, "m4": 0, "m5": 4, "m6": 0, "m7": 0, "m8": 0, "m9": 0, "m10": 0, "m11": 0, "m12": 0, "total": 12}}, {"model": "attendance.attendance", "pk": 43, "fields": {"sid": 167, "detail_id": 1, "m1": 0, "m2": 8, "m3": 8, "m4": 0, "m5": 8, "m6": 0, "m7": 0, "m8": 0, "m9": 0, "m10": 0, "m11": 0, "m12": 0, "total": 24}}, {"model": "attendance.attendance", "pk": 44, "fields": {"sid": 168, "detail_id": 1, "m1": 0, "m2": 1, "m3": 1, "m4": 0, "m5": 1, "m6": 0, "m7": 0, "m8": 0, "m9": 0, "m10": 0, "m11": 0, "m12": 0, "total": 3}}, {"model": "attendance.attendance", "pk": 45, "fields": {"sid": 169, "detail_id": 1, "m1": 0, "m2": 0, "m3": 0, "m4": 0, "m5": 0, "m6": 0, "m7": 0, "m8": 0, "m9": 0, "m10": 0, "m11": 0, "m12": 0, "total": 0}}, {"model": "attendance.attendance", "pk": 46, "fields": {"sid": 170, "detail_id": 1, "m1": 0, "m2": 3, "m3": 3, "m4": 0, "m5": 3, "m6": 0, "m7": 0, "m8": 0, "m9": 0, "m10": 0, "m11": 0, "m12": 0, "total": 9}}, {"model": "attendance.attendance", "pk": 47, "fields": {"sid": 171, "detail_id": 1, "m1": 0, "m2": 12, "m3": 12, "m4": 0, "m5": 12, "m6": 0, "m7": 0, "m8": 0, "m9": 0, "m10": 0, "m11": 0, "m12": 0, "total": 36}}, {"model": "attendance.attendance", "pk": 48, "fields": {"sid": 172, "detail_id": 1, "m1": 0, "m2": 15, "m3": 15, "m4": 0, "m5": 15, "m6": 0, "m7": 0, "m8": 0, "m9": 0, "m10": 0, "m11": 0, "m12": 0, "total": 45}}, {"model": "attendance.attendance", "pk": 49, "fields": {"sid": 173, "detail_id": 1, "m1": 0, "m2": 2, "m3": 2, "m4": 0, "m5": 2, "m6": 0, "m7": 0, "m8": 0, "m9": 0, "m10": 0, "m11": 0, "m12": 0, "total": 6}}, {"model": "attendance.attendance", "pk": 50, "fields": {"sid": 174, "detail_id": 1, "m1": 0, "m2": 4, "m3": 4, "m4": 0, "m5": 4, "m6": 0, "m7": 0, "m8": 0, "m9": 0, "m10": 0, "m11": 0, "m12": 0, "total": 12}}, {"model": "attendance.attendance", "pk": 51, "fields": {"sid": 175, "detail_id": 1, "m1": 0, "m2": 8, "m3": 8, "m4": 0, "m5": 8, "m6": 0, "m7": 0, "m8": 0, "m9": 0, "m10": 0, "m11": 0, "m12": 0, "total": 24}}, {"model": "attendance.attendance", "pk": 52, "fields": {"sid": 176, "detail_id": 1, "m1": 0, "m2": 1, "m3": 1, "m4": 0, "m5": 1, "m6": 0, "m7": 0, "m8": 0, "m9": 0, "m10": 0, "m11": 0, "m12": 0, "total": 3}}, {"model": "attendance.attendance", "pk": 53, "fields": {"sid": 177, "detail_id": 1, "m1": 0, "m2": 0, "m3": 0, "m4": 0, "m5": 0, "m6": 0, "m7": 0, "m8": 0, "m9": 0, "m10": 0, "m11": 0, "m12": 0, "total": 0}}, {"model": "attendance.attendance", "pk": 54, "fields": {"sid": 178, "detail_id": 1, "m1": 0, "m2": 3, "m3": 3, "m4": 0, "m5": 3, "m6": 0, "m7": 0, "m8": 0, "m9": 0, "m10": 0, "m11": 0, "m12": 0, "total": 9}}, {"model": "attendance.attendance", "pk": 55, "fields": {"sid": 179, "detail_id": 1, "m1": 0, "m2": 12, "m3": 12, "m4": 0, "m5": 12, "m6": 0, "m7": 0, "m8": 0, "m9": 0, "m10": 0, "m11": 0, "m12": 0, "total": 36}}, {"model": "attendance.attendance", "pk": 56, "fields": {"sid": 180, "detail_id": 1, "m1": 0, "m2": 15, "m3": 15, "m4": 0, "m5": 15, "m6": 0, "m7": 0, "m8": 0, "m9": 0, "m10": 0, "m11": 0, "m12": 0, "total": 45}}, {"model": "attendance.attendance", "pk": 57, "fields": {"sid": 181, "detail_id": 1, "m1": 0, "m2": 2, "m3": 2, "m4": 0, "m5": 2, "m6": 0, "m7": 0, "m8": 0, "m9": 0, "m10": 0, "m11": 0, "m12": 0, "total": 6}}, {"model": "attendance.attendance", "pk": 58, "fields": {"sid": 182, "detail_id": 1, "m1": 0, "m2": 4, "m3": 4, "m4": 0, "m5": 4, "m6": 0, "m7": 0, "m8": 0, "m9": 0, "m10": 0, "m11": 0, "m12": 0, "total": 12}}, {"model": "attendance.attendance", "pk": 59, "fields": {"sid": 183, "detail_id": 1, "m1": 0, "m2": 8, "m3": 8, "m4": 0, "m5": 8, "m6": 0, "m7": 0, "m8": 0, "m9": 0, "m10": 0, "m11": 0, "m12": 0, "total": 24}}, {"model": "attendance.attendance", "pk": 60, "fields": {"sid": 184, "detail_id": 1, "m1": 0, "m2": 1, "m3": 1, "m4": 0, "m5": 1, "m6": 0, "m7": 0, "m8": 0, "m9": 0, "m10": 0, "m11": 0, "m12": 0, "total": 3}}, {"model": "attendance.attendance", "pk": 61, "fields": {"sid": 185, "detail_id": 1, "m1": 0, "m2": 0, "m3": 0, "m4": 0, "m5": 0, "m6": 0, "m7": 0, "m8": 0, "m9": 0, "m10": 0, "m11": 0, "m12": 0, "total": 0}}, {"model": "attendance.attendance", "pk": 62, "fields": {"sid": 186, "detail_id": 1, "m1": 0, "m2": 3, "m3": 3, "m4": 0, "m5": 3, "m6": 0, "m7": 0, "m8": 0, "m9": 0, "m10": 0, "m11": 0, "m12": 0, "total": 9}}, {"model": "attendance.attendance_out_of", "pk": 5, "fields": {"detail_id": 1, "m1": 0, "m2": 19, "m3": 19, "m4": 0, "m5": 19, "m6": 0, "m7": 0, "m8": 0, "m9": 0, "m10": 0, "m11": 0, "m12": 0, "total": 57}}, {"model": "marks.marks", "pk": 125, "fields": {"sid": 125, "detail_id": 1, "a1": 5, "a2": 5, "a3": null, "a4": null, "a5": null, "a6": null, "a7": null, "a8": null, "a9": null, "a10": null, "i1": null, "i2": null, "i3": null, "practical": null, "total": null}}, {"model": "marks.marks", "pk": 126, "fields": {"sid": 126, "detail_id": 1, "a1": 8, "a2": 8, "a3": null, "a4": null, "a5": null, "a6": null, "a7": null, "a8": null, "a9": null, "a10": null, "i1": null, "i2": null, "i3": null, "practical": null, "total": null}}, {"model": "marks.marks", "pk": 127, "fields": {"sid": 127, "detail_id": 1, "a1": 10, "a2": 10, "a3": null, "a4": null, "a5": null, "a6": null, "a7": null, "a8": null, "a9": null, "a10": null, "i1": null, "i2": null, "i3": null, "practical": null, "total": null}}, {"model": "marks.marks", "pk": 128, "fields": {"sid": 128, "detail_id": 1, "a1": 12, "a2": 12, "a3": null, "a4": null, "a5": null, "a6": null, "a7": null, "a8": null, "a9": null, "a10": null, "i1": null, "i2": null, "i3": null, "practical": null, "total": null}}, {"model": "marks.marks", "pk": 129, "fields": {"sid": 129, "detail_id": 1, "a1": 9, "a2": 9, "a3": null, "a4": null, "a5": null, "a6": null, "a7": null, "a8": null, "a9": null, "a10": null, "i1": null, "i2": null, "i3": null, "practical": null, "total": null}}, {"model": "marks.marks", "pk": 130, "fields": {"sid": 130, "detail_id": 1, "a1": 15, "a2": 15, "a3": null, "a4": null, "a5": null, "a6": null, "a7": null, "a8": null, "a9": null, "a10": null, "i1": null, "i2": null, "i3": null, "practical": null, "total": null}}, {"model": "marks.marks", "pk": 131, "fields": {"sid": 131, "detail_id": 1, "a1": 18, "a2": 18, "a3": null, "a4": null, "a5": null, "a6": null, "a7": null, "a8": null, "a9": null, "a10": null, "i1": null, "i2": null, "i3": null, "practical": null, "total": null}}, {"model": "marks.marks", "pk": 132, "fields": {"sid": 132, "detail_id": 1, "a1": 5, "a2": 5, "a3": null, "a4": null, "a5": null, "a6": null, "a7": null, "a8": null, "a9": null, "a10": null, "i1": null, "i2": null, "i3": null, "practical": null, "total": null}}, {"model": "marks.marks", "pk": 133, "fields": {"sid": 133, "detail_id": 1, "a1": 8, "a2": 8, "a3": null, "a4": null, "a5": null, "a6": null, "a7": null, "a8": null, "a9": null, "a10": null, "i1": null, "i2": null, "i3": null, "practical": null, "total": null}}, {"model": "marks.marks", "pk": 134, "fields": {"sid": 134, "detail_id": 1, "a1": 10, "a2": 10, "a3": null, "a4": null, "a5": null, "a6": null, "a7": null, "a8": null, "a9": null, "a10": null, "i1": null, "i2": null, "i3": null, "practical": null, "total": null}}, {"model": "marks.marks", "pk": 135, "fields": {"sid": 135, "detail_id": 1, "a1": 12, "a2": 12, "a3": null, "a4": null, "a5": null, "a6": null, "a7": null, "a8": null, "a9": null, "a10": null, "i1": null, "i2": null, "i3": null, "practical": null, "total": null}}, {"model": "marks.marks", "pk": 136, "fields": {"sid": 136, "detail_id": 1, "a1": 9, "a2": 9, "a3": null, "a4": null, "a5": null, "a6": null, "a7": null, "a8": null, "a9": null, "a10": null, "i1": null, "i2": null, "i3": null, "practical": null, "total": null}}, {"model": "marks.marks", "pk": 137, "fields": {"sid": 137, "detail_id": 1, "a1": 15, "a2": 15, "a3": null, "a4": null, "a5": null, "a6": null, "a7": null, "a8": null, "a9": null, "a10": null, "i1": null, "i2": null, "i3": null, "practical": null, "total": null}}, {"model": "marks.marks", "pk": 138, "fields": {"sid": 138, "detail_id": 1, "a1": 18, "a2": 18, "a3": null, "a4": null, "a5": null, "a6": null, "a7": null, "a8": null, "a9": null, "a10": null, "i1": null, "i2": null, "i3": null, "practical": null, "total": null}}, {"model": "marks.marks", "pk": 139, "fields": {"sid": 139, "detail_id": 1, "a1": 5, "a2": 5, "a3": null, "a4": null, "a5": null, "a6": null, "a7": null, "a8": null, "a9": null, "a10": null, "i1": null, "i2": null, "i3": null, "practical": null, "total": null}}, {"model": "marks.marks", "pk": 140, "fields": {"sid": 140, "detail_id": 1, "a1": 8, "a2": 8, "a3": null, "a4": null, "a5": null, "a6": null, "a7": null, "a8": null, "a9": null, "a10": null, "i1": null, "i2": null, "i3": null, "practical": null, "total": null}}, {"model": "marks.marks", "pk": 141, "fields": {"sid": 141, "detail_id": 1, "a1": 10, "a2": 10, "a3": null, "a4": null, "a5": null, "a6": null, "a7": null, "a8": null, "a9": null, "a10": null, "i1": null, "i2": null, "i3": null, "practical": null, "total": null}}, {"model": "marks.marks", "pk": 142, "fields": {"sid": 142, "detail_id": 1, "a1": 12, "a2": 12, "a3": null, "a4": null, "a5": null, "a6": null, "a7": null, "a8": null, "a9": null, "a10": null, "i1": null, "i2": null, "i3": null, "practical": null, "total": null}}, {"model": "marks.marks", "pk": 143, "fields": {"sid": 143, "detail_id": 1, "a1": 9, "a2": 9, "a3": null, "a4": null, "a5": null, "a6": null, "a7": null, "a8": null, "a9": null, "a10": null, "i1": null, "i2": null, "i3": null, "practical": null, "total": null}}, {"model": "marks.marks", "pk": 144, "fields": {"sid": 144, "detail_id": 1, "a1": 15, "a2": 15, "a3": null, "a4": null, "a5": null, "a6": null, "a7": null, "a8": null, "a9": null, "a10": null, "i1": null, "i2": null, "i3": null, "practical": null, "total": null}}, {"model": "marks.marks", "pk": 145, "fields": {"sid": 145, "detail_id": 1, "a1": 18, "a2": 18, "a3": null, "a4": null, "a5": null, "a6": null, "a7": null, "a8": null, "a9": null, "a10": null, "i1": null, "i2": null, "i3": null, "practical": null, "total": null}}, {"model": "marks.marks", "pk": 146, "fields": {"sid": 146, "detail_id": 1, "a1": 5, "a2": 5, "a3": null, "a4": null, "a5": null, "a6": null, "a7": null, "a8": null, "a9": null, "a10": null, "i1": null, "i2": null, "i3": null, "practical": null, "total": null}}, {"model": "marks.marks", "pk": 147, "fields": {"sid": 147, "detail_id": 1, "a1": 8, "a2": 8, "a3": null, "a4": null, "a5": null, "a6": null, "a7": null, "a8": null, "a9": null, "a10": null, "i1": null, "i2": null, "i3": null, "practical": null, "total": null}}, {"model": "marks.marks", "pk": 148, "fields": {"sid": 148, "detail_id": 1, "a1": 10, "a2": 10, "a3": null, "a4": null, "a5": null, "a6": null, "a7": null, "a8": null, "a9": null, "a10": null, "i1": null, "i2": null, "i3": null, "practical": null, "total": null}}, {"model": "marks.marks", "pk": 149, "fields": {"sid": 149, "detail_id": 1, "a1": 12, "a2": 12, "a3": null, "a4": null, "a5": null, "a6": null, "a7": null, "a8": null, "a9": null, "a10": null, "i1": null, "i2": null, "i3": null, "practical": null, "total": null}}, {"model": "marks.marks", "pk": 150, "fields": {"sid": 150, "detail_id": 1, "a1": 9, "a2": 9, "a3": null, "a4": null, "a5": null, "a6": null, "a7": null, "a8": null, "a9": null, "a10": null, "i1": null, "i2": null, "i3": null, "practical": null, "total": null}}, {"model": "marks.marks", "pk": 151, "fields": {"sid": 151, "detail_id": 1, "a1": 15, "a2": 15, "a3": null, "a4": null, "a5": null, "a6": null, "a7": null, "a8": null, "a9": null, "a10": null, "i1": null, "i2": null, "i3": null, "practical": null, "total": null}}, {"model": "marks.marks", "pk": 152, "fields": {"sid": 152, "detail_id": 1, "a1": 18, "a2": 18, "a3": null, "a4": null, "a5": null, "a6": null, "a7": null, "a8": null, "a9": null, "a10": null, "i1": null, "i2": null, "i3": null, "practical": null, "total": null}}, {"model": "marks.marks", "pk": 153, "fields": {"sid": 153, "detail_id": 1, "a1": 5, "a2": 5, "a3": null, "a4": null, "a5": null, "a6": null, "a7": null, "a8": null, "a9": null, "a10": null, "i1": null, "i2": null, "i3": null, "practical": null, "total": null}}, {"model": "marks.marks", "pk": 154, "fields": {"sid": 154, "detail_id": 1, "a1": 8, "a2": 8, "a3": null, "a4": null, "a5": null, "a6": null, "a7": null, "a8": null, "a9": null, "a10": null, "i1": null, "i2": null, "i3": null, "practical": null, "total": null}}, {"model": "marks.marks", "pk": 155, "fields": {"sid": 155, "detail_id": 1, "a1": 10, "a2": 10, "a3": null, "a4": null, "a5": null, "a6": null, "a7": null, "a8": null, "a9": null, "a10": null, "i1": null, "i2": null, "i3": null, "practical": null, "total": null}}, {"model": "marks.marks", "pk": 156, "fields": {"sid": 156, "detail_id": 1, "a1": 12, "a2": 12, "a3": null, "a4": null, "a5": null, "a6": null, "a7": null, "a8": null, "a9": null, "a10": null, "i1": null, "i2": null, "i3": null, "practical": null, "total": null}}, {"model": "marks.marks", "pk": 157, "fields": {"sid": 157, "detail_id": 1, "a1": 9, "a2": 9, "a3": null, "a4": null, "a5": null, "a6": null, "a7": null, "a8": null, "a9": null, "a10": null, "i1": null, "i2": null, "i3": null, "practical": null, "total": null}}, {"model": "marks.marks", "pk": 158, "fields": {"sid": 158, "detail_id": 1, "a1": 15, "a2": 15, "a3": null, "a4": null, "a5": null, "a6": null, "a7": null, "a8": null, "a9": null, "a10": null, "i1": null, "i2": null, "i3": null, "practical": null, "total": null}}, {"model": "marks.marks", "pk": 159, "fields": {"sid": 159, "detail_id": 1, "a1": 18, "a2": 18, "a3": null, "a4": null, "a5": null, "a6": null, "a7": null, "a8": null, "a9": null, "a10": null, "i1": null, "i2": null, "i3": null, "practical": null, "total": null}}, {"model": "marks.marks", "pk": 160, "fields": {"sid": 160, "detail_id": 1, "a1": 5, "a2": 5, "a3": null, "a4": null, "a5": null, "a6": null, "a7": null, "a8": null, "a9": null, "a10": null, "i1": null, "i2": null, "i3": null, "practical": null, "total": null}}, {"model": "marks.marks", "pk": 161, "fields": {"sid": 161, "detail_id": 1, "a1": 8, "a2": 8, "a3": null, "a4": null, "a5": null, "a6": null, "a7": null, "a8": null, "a9": null, "a10": null, "i1": null, "i2": null, "i3": null, "practical": null, "total": null}}, {"model": "marks.marks", "pk": 162, "fields": {"sid": 162, "detail_id": 1, "a1": 10, "a2": 10, "a3": null, "a4": null, "a5": null, "a6": null, "a7": null, "a8": null, "a9": null, "a10": null, "i1": null, "i2": null, "i3": null, "practical": null, "total": null}}, {"model": "marks.marks", "pk": 163, "fields": {"sid": 163, "detail_id": 1, "a1": 12, "a2": 12, "a3": null, "a4": null, "a5": null, "a6": null, "a7": null, "a8": null, "a9": null, "a10": null, "i1": null, "i2": null, "i3": null, "practical": null, "total": null}}, {"model": "marks.marks", "pk": 164, "fields": {"sid": 164, "detail_id": 1, "a1": 9, "a2": 9, "a3": null, "a4": null, "a5": null, "a6": null, "a7": null, "a8": null, "a9": null, "a10": null, "i1": null, "i2": null, "i3": null, "practical": null, "total": null}}, {"model": "marks.marks", "pk": 165, "fields": {"sid": 165, "detail_id": 1, "a1": 15, "a2": 15, "a3": null, "a4": null, "a5": null, "a6": null, "a7": null, "a8": null, "a9": null, "a10": null, "i1": null, "i2": null, "i3": null, "practical": null, "total": null}}, {"model": "marks.marks", "pk": 166, "fields": {"sid": 166, "detail_id": 1, "a1": 18, "a2": 18, "a3": null, "a4": null, "a5": null, "a6": null, "a7": null, "a8": null, "a9": null, "a10": null, "i1": null, "i2": null, "i3": null, "practical": null, "total": null}}, {"model": "marks.marks", "pk": 167, "fields": {"sid": 167, "detail_id": 1, "a1": 5, "a2": 5, "a3": null, "a4": null, "a5": null, "a6": null, "a7": null, "a8": null, "a9": null, "a10": null, "i1": null, "i2": null, "i3": null, "practical": null, "total": null}}, {"model": "marks.marks", "pk": 168, "fields": {"sid": 168, "detail_id": 1, "a1": 8, "a2": 8, "a3": null, "a4": null, "a5": null, "a6": null, "a7": null, "a8": null, "a9": null, "a10": null, "i1": null, "i2": null, "i3": null, "practical": null, "total": null}}, {"model": "marks.marks", "pk": 169, "fields": {"sid": 169, "detail_id": 1, "a1": 10, "a2": 10, "a3": null, "a4": null, "a5": null, "a6": null, "a7": null, "a8": null, "a9": null, "a10": null, "i1": null, "i2": null, "i3": null, "practical": null, "total": null}}, {"model": "marks.marks", "pk": 170, "fields": {"sid": 170, "detail_id": 1, "a1": 12, "a2": 12, "a3": null, "a4": null, "a5": null, "a6": null, "a7": null, "a8": null, "a9": null, "a10": null, "i1": null, "i2": null, "i3": null, "practical": null, "total": null}}, {"model": "marks.marks", "pk": 171, "fields": {"sid": 171, "detail_id": 1, "a1": 9, "a2": 9, "a3": null, "a4": null, "a5": null, "a6": null, "a7": null, "a8": null, "a9": null, "a10": null, "i1": null, "i2": null, "i3": null, "practical": null, "total": null}}, {"model": "marks.marks", "pk": 172, "fields": {"sid": 172, "detail_id": 1, "a1": 15, "a2": 15, "a3": null, "a4": null, "a5": null, "a6": null, "a7": null, "a8": null, "a9": null, "a10": null, "i1": null, "i2": null, "i3": null, "practical": null, "total": null}}, {"model": "marks.marks", "pk": 173, "fields": {"sid": 173, "detail_id": 1, "a1": 18, "a2": 18, "a3": null, "a4": null, "a5": null, "a6": null, "a7": null, "a8": null, "a9": null, "a10": null, "i1": null, "i2": null, "i3": null, "practical": null, "total": null}}, {"model": "marks.marks", "pk": 174, "fields": {"sid": 174, "detail_id": 1, "a1": 5, "a2": 5, "a3": null, "a4": null, "a5": null, "a6": null, "a7": null, "a8": null, "a9": null, "a10": null, "i1": null, "i2": null, "i3": null, "practical": null, "total": null}}, {"model": "marks.marks", "pk": 175, "fields": {"sid": 175, "detail_id": 1, "a1": 8, "a2": 8, "a3": null, "a4": null, "a5": null, "a6": null, "a7": null, "a8": null, "a9": null, "a10": null, "i1": null, "i2": null, "i3": null, "practical": null, "total": null}}, {"model": "marks.marks", "pk": 176, "fields": {"sid": 176, "detail_id": 1, "a1": 10, "a2": 10, "a3": null, "a4": null, "a5": null, "a6": null, "a7": null, "a8": null, "a9": null, "a10": null, "i1": null, "i2": null, "i3": null, "practical": null, "total": null}}, {"model": "marks.marks", "pk": 177, "fields": {"sid": 177, "detail_id": 1, "a1": 12, "a2": 12, "a3": null, "a4": null, "a5": null, "a6": null, "a7": null, "a8": null, "a9": null, "a10": null, "i1": null, "i2": null, "i3": null, "practical": null, "total": null}}, {"model": "marks.marks", "pk": 178, "fields": {"sid": 178, "detail_id": 1, "a1": 9, "a2": 9, "a3": null, "a4": null, "a5": null, "a6": null, "a7": null, "a8": null, "a9": null, "a10": null, "i1": null, "i2": null, "i3": null, "practical": null, "total": null}}, {"model": "marks.marks", "pk": 179, "fields": {"sid": 179, "detail_id": 1, "a1": 15, "a2": 15, "a3": null, "a4": null, "a5": null, "a6": null, "a7": null, "a8": null, "a9": null, "a10": null, "i1": null, "i2": null, "i3": null, "practical": null, "total": null}}, {"model": "marks.marks", "pk": 180, "fields": {"sid": 180, "detail_id": 1, "a1": 18, "a2": 18, "a3": null, "a4": null, "a5": null, "a6": null, "a7": null, "a8": null, "a9": null, "a10": null, "i1": null, "i2": null, "i3": null, "practical": null, "total": null}}, {"model": "marks.marks", "pk": 181, "fields": {"sid": 181, "detail_id": 1, "a1": 5, "a2": 5, "a3": null, "a4": null, "a5": null, "a6": null, "a7": null, "a8": null, "a9": null, "a10": null, "i1": null, "i2": null, "i3": null, "practical": null, "total": null}}, {"model": "marks.marks", "pk": 182, "fields": {"sid": 182, "detail_id": 1, "a1": 8, "a2": 8, "a3": null, "a4": null, "a5": null, "a6": null, "a7": null, "a8": null, "a9": null, "a10": null, "i1": null, "i2": null, "i3": null, "practical": null, "total": null}}, {"model": "marks.marks", "pk": 183, "fields": {"sid": 183, "detail_id": 1, "a1": 10, "a2": 10, "a3": null, "a4": null, "a5": null, "a6": null, "a7": null, "a8": null, "a9": null, "a10": null, "i1": null, "i2": null, "i3": null, "practical": null, "total": null}}, {"model": "marks.marks", "pk": 184, "fields": {"sid": 184, "detail_id": 1, "a1": 12, "a2": 12, "a3": null, "a4": null, "a5": null, "a6": null, "a7": null, "a8": null, "a9": null, "a10": null, "i1": null, "i2": null, "i3": null, "practical": null, "total": null}}, {"model": "marks.marks", "pk": 185, "fields": {"sid": 185, "detail_id": 1, "a1": 9, "a2": 9, "a3": null, "a4": null, "a5": null, "a6": null, "a7": null, "a8": null, "a9": null, "a10": null, "i1": null, "i2": null, "i3": null, "practical": null, "total": null}}, {"model": "marks.marks", "pk": 186, "fields": {"sid": 186, "detail_id": 1, "a1": 15, "a2": 15, "a3": null, "a4": null, "a5": null, "a6": null, "a7": null, "a8": null, "a9": null, "a10": null, "i1": null, "i2": null, "i3": null, "practical": null, "total": null}}, {"model": "marks.marks_out_of", "pk": 3, "fields": {"detail_id": 1, "a1": 20, "a2": 20, "a3": null, "a4": null, "a5": null, "a6": null, "a7": null, "a8": null, "a9": null, "a10": null, "i1": null, "i2": null, "i3": null, "practical": null, "total": null}}, {"model": "timetable.timetable", "pk": 1, "fields": {"course": "B.Sc. (H) Computer Science", "semester": 5, "day": "Monday", "t1": 14, "t2": 14, "t3": 9, "t4": null, "t5": 13, "t6": 13, "t7": null, "t8": null}}, {"model": "timetable.timetable", "pk": 2, "fields": {"course": "B.Sc. (H) Computer Science", "semester": 5, "day": "Tuesday", "t1": 9, "t2": 9, "t3": 2, "t4": 2, "t5": null, "t6": 15, "t7": 15, "t8": null}}, {"model": "timetable.timetable", "pk": 3, "fields": {"course": "B.Sc. (H) Computer Science", "semester": 5, "day": "Wednesday", "t1": 2, "t2": 6, "t3": 1, "t4": 1, "t5": 6, "t6": null, "t7": null, "t8": null}}, {"model": "timetable.timetable", "pk": 4, "fields": {"course": "B.Sc. (H) Computer Science", "semester": 5, "day": "Thursday", "t1": 1, "t2": 1, "t3": 6, "t4": 9, "t5": 14, "t6": 14, "t7": 2, "t8": null}}, {"model": "timetable.timetable", "pk": 5, "fields": {"course": "B.Sc. (H) Computer Science", "semester": 5, "day": "Friday", "t1": 2, "t2": 2, "t3": 15, "t4": 15, "t5": 6, "t6": 13, "t7": 13, "t8": null}}]